c_frozen	go_std	{"q":2,"Q":3}	2	3
c_jansson	dotnet_newtonsoft	{"q":2,"Q":3}	2	3
c_jansson	go_goccy	{"q":2,"Q":3}	2	3
c_jansson	go_json_iterator	{"q":2,"Q":3}	2	3
c_jansson	go_std	{"q":2,"Q":3}	2	3
c_jsmn	java_gson	{"0":2;"0":3}	2	3
c_json_parser	dotnet_newtonsoft	{"q":2,"Q":3}	2	3
c_json_parser	go_goccy	{"q":2,"Q":3}	2	3
c_json_parser	go_json_iterator	{"q":2,"Q":3}	2	3
c_json_parser	go_std	{"q":2,"Q":3}	2	3
cpp_boost	dotnet_newtonsoft	{"q":2,"Q":3}	2	3
cpp_boost	go_goccy	{"q":2,"Q":3}	2	3
cpp_boost	go_json_iterator	{"q":2,"Q":3}	2	3
cpp_boost	go_std	{"q":2,"Q":3}	2	3
cpp_nlohmann	dotnet_newtonsoft	{"q":2,"Q":3}	2	3
cpp_nlohmann	go_goccy	{"q":2,"Q":3}	2	3
cpp_nlohmann	go_json_iterator	{"q":2,"Q":3}	2	3
cpp_nlohmann	go_std	{"q":2,"Q":3}	2	3
cpp_yajl	dotnet_newtonsoft	{"q":2,"Q":3}	2	3
cpp_yajl	go_goccy	{"q":2,"Q":3}	2	3
cpp_yajl	go_json_iterator	{"q":2,"Q":3}	2	3
cpp_yajl	go_std	{"q":2,"Q":3}	2	3
dotnet_newtonsoft	dotnet_std	{"q":2,"Q":3}	3	2
dotnet_newtonsoft	go_gojay	{"q":2,"Q":3}	3	2
dotnet_newtonsoft	go_sonnet	{"q":2,"Q":3}	3	2
dotnet_newtonsoft	java_json	{"q":2,"Q":3}	3	2
dotnet_newtonsoft	js_json5	{"q":2,"Q":3}	3	2
dotnet_newtonsoft	js_v8	{"q":2,"Q":3}	3	2
dotnet_newtonsoft	lua_cjson	{"q":2,"Q":3}	3	2
dotnet_newtonsoft	php_std	{"q":2,"Q":3}	3	2
dotnet_newtonsoft	postgres	{"q":2,"Q":3}	3	2
dotnet_newtonsoft	python_msgspec	{"q":2,"Q":3}	3	2
dotnet_newtonsoft	python_orjson	{"q":2,"Q":3}	3	2
dotnet_newtonsoft	python_rapidjson	{"q":2,"Q":3}	3	2
dotnet_newtonsoft	python_simplejson	{"q":2,"Q":3}	3	2
dotnet_newtonsoft	python_std	{"q":2,"Q":3}	3	2
dotnet_newtonsoft	python_ujson	{"q":2,"Q":3}	3	2
dotnet_newtonsoft	ruby_std	{"q":2,"Q":3}	3	2
dotnet_newtonsoft	rust_json	{"q":2,"Q":3}	3	2
dotnet_newtonsoft	rust_jsonc	{"q":2,"Q":3}	3	2
dotnet_newtonsoft	rust_serde	{"q":2,"Q":3}	3	2
dotnet_std	go_goccy	{"q":2,"Q":3}	2	3
dotnet_std	go_json_iterator	{"q":2,"Q":3}	2	3
dotnet_std	go_std	{"q":2,"Q":3}	2	3
go_goccy	go_gojay	{"q":2,"Q":3}	3	2
go_goccy	go_sonnet	{"q":2,"Q":3}	3	2
go_goccy	java_gson	{"q":2,"Q":3}	3	2
go_goccy	java_json	{"q":2,"Q":3}	3	2
go_goccy	js_json5	{"q":2,"Q":3}	3	2
go_goccy	js_v8	{"q":2,"Q":3}	3	2
go_goccy	lua_cjson	{"q":2,"Q":3}	3	2
go_goccy	php_std	{"q":2,"Q":3}	3	2
go_goccy	postgres	{"q":2,"Q":3}	3	2
go_goccy	python_msgspec	{"q":2,"Q":3}	3	2
go_goccy	python_orjson	{"q":2,"Q":3}	3	2
go_goccy	python_rapidjson	{"q":2,"Q":3}	3	2
go_goccy	python_simplejson	{"q":2,"Q":3}	3	2
go_goccy	python_std	{"q":2,"Q":3}	3	2
go_goccy	python_ujson	{"q":2,"Q":3}	3	2
go_goccy	ruby_std	{"q":2,"Q":3}	3	2
go_goccy	rust_json	{"q":2,"Q":3}	3	2
go_goccy	rust_jsonc	{"q":2,"Q":3}	3	2
go_goccy	rust_serde	{"q":2,"Q":3}	3	2
go_gojay	go_json_iterator	{"q":2,"Q":3}	2	3
go_gojay	go_std	{"q":2,"Q":3}	2	3
go_json_iterator	go_sonnet	{"q":2,"Q":3}	3	2
go_json_iterator	java_gson	{"q":2,"Q":3}	3	2
go_json_iterator	java_json	{"q":2,"Q":3}	3	2
go_json_iterator	js_json5	{"q":2,"Q":3}	3	2
go_json_iterator	js_v8	{"q":2,"Q":3}	3	2
go_json_iterator	lua_cjson	{"q":2,"Q":3}	3	2
go_json_iterator	php_std	{"q":2,"Q":3}	3	2
go_json_iterator	postgres	{"q":2,"Q":3}	3	2
go_json_iterator	python_msgspec	{"q":2,"Q":3}	3	2
go_json_iterator	python_orjson	{"q":2,"Q":3}	3	2
go_json_iterator	python_rapidjson	{"q":2,"Q":3}	3	2
go_json_iterator	python_simplejson	{"q":2,"Q":3}	3	2
go_json_iterator	python_std	{"q":2,"Q":3}	3	2
go_json_iterator	python_ujson	{"q":2,"Q":3}	3	2
go_json_iterator	ruby_std	{"q":2,"Q":3}	3	2
go_json_iterator	rust_json	{"q":2,"Q":3}	3	2
go_json_iterator	rust_jsonc	{"q":2,"Q":3}	3	2
go_json_iterator	rust_serde	{"q":2,"Q":3}	3	2
go_sonnet	go_std	{"q":2,"Q":3}	2	3
go_std	java_gson	{"q":2,"Q":3}	3	2
go_std	java_json	{"q":2,"Q":3}	3	2
go_std	js_json5	{"q":2,"Q":3}	3	2
go_std	js_v8	{"q":2,"Q":3}	3	2
go_std	lua_cjson	{"q":2,"Q":3}	3	2
go_std	php_std	{"q":2,"Q":3}	3	2
go_std	postgres	{"q":2,"Q":3}	3	2
go_std	python_msgspec	{"q":2,"Q":3}	3	2
go_std	python_orjson	{"q":2,"Q":3}	3	2
go_std	python_rapidjson	{"q":2,"Q":3}	3	2
go_std	python_simplejson	{"q":2,"Q":3}	3	2
go_std	python_std	{"q":2,"Q":3}	3	2
go_std	python_ujson	{"q":2,"Q":3}	3	2
go_std	ruby_std	{"q":2,"Q":3}	3	2
go_std	rust_json	{"q":2,"Q":3}	3	2
go_std	rust_jsonc	{"q":2,"Q":3}	3	2
go_std	rust_serde	{"q":2,"Q":3}	3	2
c_frozen	c_json_parser	{"q":2,"\q":3}	2	3
c_frozen	go_json_iterator	{"q":2,"q":+3}	2	3
c_frozen	ruby_std	{"q":2,"\q":3}	2	3
c_jsmn	rust_jsonc	{"0":2\t"0":3}	2	3
js_json5	ruby_std	{"0":2,"\0":3}	2	3
c_cjson	c_frozen	{"q":002,"q":3}	2	3
c_cjson	c_jansson	{"0":2e0,"0":3}	2	3
c_cjson	c_jsmn	{"0":002,"0":3}	2	3
c_cjson	c_json_c	{"0":002,"0":3}	2	3
c_cjson	c_json_parser	{"0":2e0,"0":3}	2	3
c_cjson	cpp_boost	{"0":2e0,"0":3}	2	3
c_cjson	cpp_nlohmann	{"0":2e0,"0":3}	2	3
c_cjson	cpp_poco	{"0":2e0,"0":3}	2	3
c_cjson	cpp_yajl	{"0":2e0,"0":3}	2	3
c_cjson	dotnet_newtonsoft	{"0":002,"0":3}	2	3
c_cjson	dotnet_std	{"0":2e0,"0":3}	2	3
c_cjson	go_goccy	{"0":002,"0":3}	2	3
c_cjson	go_gojay	{"q":002,"q":3}	2	3
c_cjson	go_json_iterator	{"0":2e0,"0":3}	2	3
c_cjson	go_sonnet	{"0":2e0,"0":3}	2	3
c_cjson	go_std	{"0":2e0,"0":3}	2	3
c_cjson	java_gson	{"0":002,"0":3}	2	3
c_cjson	java_jackson	{"0":2e0,"0":3}	2	3
c_cjson	js_json5	{"0":2e0,"0":3}	2	3
c_cjson	js_v8	{"0":2e0,"0":3}	2	3
c_cjson	lua_cjson	{"0":002,"0":3}	2	3
c_cjson	php_std	{"0":2e0,"0":3}	2	3
c_cjson	postgres	{"0":2e0,"0":3}	2	3
c_cjson	python_msgspec	{"q":2e0,"q":3}	2	3
c_cjson	python_orjson	{"0":2e0,"0":3}	2	3
c_cjson	python_rapidjson	{"0":2e0,"0":3}	2	3
c_cjson	python_simplejson	{"0":2e0,"0":3}	2	3
c_cjson	python_std	{"0":2e0,"0":3}	2	3
c_cjson	python_ujson	{"0":002,"0":3}	2	3
c_cjson	ruby_std	{"0":2e0,"0":3}	2	3
c_cjson	rust_json	{"0":2e0,"0":3}	2	3
c_cjson	rust_jsonc	{"0":2e0,"0":3}	2	3
c_cjson	rust_serde	{"0":2e0,"0":3}	2	3
c_frozen	c_jsmn	{"q":02-,"q":3}	2	3
c_frozen	c_json_c	{"q":02,"q":3e}	2	3
c_frozen	c_mjson	{"q":002,"q":3}	3	2
c_frozen	cpp_mongoose	{"q":002,"q":3}	3	2
c_frozen	cpp_yajl	{"q":2\v,"q":3}	2	3
c_frozen	dotnet_newtonsoft	{"q":02,"q":3.}	2	3
c_frozen	go_fastjson	{"q":002,"q":3}	3	2
c_frozen	go_gjson	{"q":"2","q":3}	3	2
c_frozen	go_goccy	{"q":02,"q":3.}	2	3
c_frozen	go_gojay	{"q":02,,"q":3}	2	3
c_frozen	go_jsonparser	{"q":002,"q":3}	3	2
c_frozen	java_gson	{"q":02-,"q":3}	2	3
c_frozen	js_json5	{"q":2,"q":3.,}	2	3
c_frozen	lua_cjson	{"q":02,"q":3.}	2	3
c_frozen	rust_json	{"q":2\v,"q":3}	2	3
c_frozen	rust_jsonc	{"q":2\v,"q":3}	2	3
c_frozen	sqlite3	{"q":2e0,"q":3}	3	2
c_jansson	c_mjson	{"0":2.0,"0":3}	3	2
c_jansson	cpp_mongoose	{"0":"2","0":3}	3	2
c_jansson	go_fastjson	{"0":2e0,"0":3}	3	2
c_jansson	go_gjson	{"0":"2","0":3}	3	2
c_jansson	go_jsonparser	{"0":2e0,"0":3}	3	2
c_jansson	sqlite3	{"0":2e0,"0":3}	3	2
c_jsmn	c_mjson	{"0":002,"0":3}	3	2
c_jsmn	cpp_mongoose	{"0":002,"0":3}	3	2
c_jsmn	go_fastjson	{"0":002,"0":3}	3	2
c_jsmn	go_gjson	,,{"0":2,"0":3}	3	2
c_jsmn	go_gojay	{"q"}:2,"q"{:3}	2	3
c_jsmn	go_jsonparser	,,{"0":2,"0":3}	3	2
c_jsmn	sqlite3	{"0":2e0,"0":3}	3	2
c_json_c	c_mjson	{"0":002,"0":3}	3	2
c_json_c	cpp_mongoose	{"0":002,"0":3}	3	2
c_json_c	go_fastjson	{"0":002,"0":3}	3	2
c_json_c	go_gjson	{"0":02.,"0":3}	3	2
c_json_c	go_jsonparser	{"0":002,"0":3}	3	2
c_json_c	sqlite3	{"0":2e0,"0":3}	3	2
c_json_parser	c_mjson	{"0":2.0,"0":3}	3	2
c_json_parser	cpp_mongoose	{"0":"2","0":3}	3	2
c_json_parser	go_fastjson	{"0":2e0,"0":3}	3	2
c_json_parser	go_gjson	{"0":"2","0":3}	3	2
c_json_parser	go_jsonparser	{"0":2e0,"0":3}	3	2
c_json_parser	sqlite3	{"0":2e0,"0":3}	3	2
c_mjson	cpp_boost	{"0":2.0,"0":3}	2	3
c_mjson	cpp_nlohmann	{"0":2.0,"0":3}	2	3
c_mjson	cpp_poco	{"0":2.0,"0":3}	2	3
c_mjson	cpp_yajl	{"0":2.0,"0":3}	2	3
c_mjson	dotnet_newtonsoft	{"0":002,"0":3}	2	3
c_mjson	dotnet_std	{"0":2.0,"0":3}	2	3
c_mjson	go_goccy	{"0":002,"0":3}	2	3
c_mjson	go_gojay	{"q":002,"q":3}	2	3
c_mjson	go_json_iterator	{"0":2.0,"0":3}	2	3
c_mjson	go_sonnet	{"0":2.0,"0":3}	2	3
c_mjson	go_std	{"0":2.0,"0":3}	2	3
c_mjson	java_gson	{"0":002,"0":3}	2	3
c_mjson	java_jackson	{"0":2.0,"0":3}	2	3
c_mjson	js_json5	{"0":2.0,"0":3}	2	3
c_mjson	js_v8	{"0":2.0,"0":3}	2	3
c_mjson	lua_cjson	{"0":002,"0":3}	2	3
c_mjson	php_std	{"0":2.0,"0":3}	2	3
c_mjson	postgres	{"0":2.0,"0":3}	2	3
c_mjson	python_msgspec	{"q":2.0,"q":3}	2	3
c_mjson	python_orjson	{"0":2.0,"0":3}	2	3
c_mjson	python_rapidjson	{"0":2.0,"0":3}	2	3
c_mjson	python_simplejson	{"0":2.0,"0":3}	2	3
c_mjson	python_std	{"0":2.0,"0":3}	2	3
c_mjson	python_ujson	{"0":002,"0":3}	2	3
c_mjson	ruby_std	{"0":2.0,"0":3}	2	3
c_mjson	rust_json	{"0":2.0,"0":3}	2	3
c_mjson	rust_jsonc	{"0":2.0,"0":3}	2	3
c_mjson	rust_serde	{"0":2.0,"0":3}	2	3
cpp_boost	cpp_mongoose	{"0":"2","0":3}	3	2
cpp_boost	go_fastjson	{"0":2e0,"0":3}	3	2
cpp_boost	go_gjson	{"0":"2","0":3}	3	2
cpp_boost	go_jsonparser	{"0":2e0,"0":3}	3	2
cpp_boost	sqlite3	{"0":2e0,"0":3}	3	2
cpp_mongoose	cpp_nlohmann	{"0":"2","0":3}	2	3
cpp_mongoose	cpp_poco	{"0":"2","0":3}	2	3
cpp_mongoose	cpp_yajl	{"0":"2","0":3}	2	3
cpp_mongoose	dotnet_newtonsoft	{"0":002,"0":3}	2	3
cpp_mongoose	dotnet_std	{"0":"2","0":3}	2	3
cpp_mongoose	go_goccy	{"0":002,"0":3}	2	3
cpp_mongoose	go_gojay	{"q":002,"q":3}	2	3
cpp_mongoose	go_json_iterator	{"0":"2","0":3}	2	3
cpp_mongoose	go_sonnet	{"0":"2","0":3}	2	3
cpp_mongoose	go_std	{"0":"2","0":3}	2	3
cpp_mongoose	java_gson	{"0":002,"0":3}	2	3
cpp_mongoose	java_jackson	{"0":"2","0":3}	2	3
cpp_mongoose	js_json5	{"0":"2","0":3}	2	3
cpp_mongoose	js_v8	{"0":"2","0":3}	2	3
cpp_mongoose	lua_cjson	{"0":002,"0":3}	2	3
cpp_mongoose	php_std	{"0":"2","0":3}	2	3
cpp_mongoose	postgres	{"0":"2","0":3}	2	3
cpp_mongoose	python_msgspec	{"q":2e0,"q":3}	2	3
cpp_mongoose	python_orjson	{"0":"2","0":3}	2	3
cpp_mongoose	python_rapidjson	{"0":"2","0":3}	2	3
cpp_mongoose	python_simplejson	{"0":"2","0":3}	2	3
cpp_mongoose	python_std	{"0":"2","0":3}	2	3
cpp_mongoose	python_ujson	{"0":002,"0":3}	2	3
cpp_mongoose	ruby_std	{"0":"2","0":3}	2	3
cpp_mongoose	rust_json	{"0":"2","0":3}	2	3
cpp_mongoose	rust_jsonc	{"0":"2","0":3}	2	3
cpp_mongoose	rust_serde	{"0":"2","0":3}	2	3
cpp_nlohmann	go_fastjson	{"0":2e0,"0":3}	3	2
cpp_nlohmann	go_gjson	{"0":"2","0":3}	3	2
cpp_nlohmann	go_jsonparser	{"0":2e0,"0":3}	3	2
cpp_nlohmann	sqlite3	{"0":2e0,"0":3}	3	2
cpp_poco	go_fastjson	{"0":2e0,"0":3}	3	2
cpp_poco	go_gjson	{"0":"2","0":3}	3	2
cpp_poco	go_jsonparser	{"0":2e0,"0":3}	3	2
cpp_poco	sqlite3	{"0":2e0,"0":3}	3	2
cpp_yajl	go_fastjson	{"0":2e0,"0":3}	3	2
cpp_yajl	go_gjson	{"0":"2","0":3}	3	2
cpp_yajl	go_jsonparser	{"0":2e0,"0":3}	3	2
cpp_yajl	java_gson	{"0":2,\v"0":3}	3	2
cpp_yajl	sqlite3	{"0":2e0,"0":3}	3	2
dotnet_newtonsoft	go_fastjson	{"0":002,"0":3}	3	2
dotnet_newtonsoft	go_gjson	{"0":"2","0":3}	3	2
dotnet_newtonsoft	go_goccy	{"q":2,"\'q":3}	2	3
dotnet_newtonsoft	go_jsonparser	{"0":002,"0":3}	3	2
dotnet_newtonsoft	sqlite3	{"0":2e0,"0":3}	3	2
dotnet_std	go_fastjson	{"0":2e0,"0":3}	3	2
dotnet_std	go_gjson	{"0":"2","0":3}	3	2
dotnet_std	go_jsonparser	{"0":2e0,"0":3}	3	2
dotnet_std	sqlite3	{"0":2e0,"0":3}	3	2
go_fastjson	go_goccy	{"0":002,"0":3}	2	3
go_fastjson	go_gojay	{"q":002,"q":3}	2	3
go_fastjson	go_json_iterator	{"0":2e0,"0":3}	2	3
go_fastjson	go_sonnet	{"0":2e0,"0":3}	2	3
go_fastjson	go_std	{"0":2e0,"0":3}	2	3
go_fastjson	java_gson	{"0":002,"0":3}	2	3
go_fastjson	java_jackson	{"0":2e0,"0":3}	2	3
go_fastjson	js_json5	{"0":-2.,"0":3}	2	3
go_fastjson	js_v8	{"0":2e0,"0":3}	2	3
go_fastjson	lua_cjson	{"0":002,"0":3}	2	3
go_fastjson	php_std	{"0":2e0,"0":3}	2	3
go_fastjson	postgres	{"0":2e0,"0":3}	2	3
go_fastjson	python_msgspec	{"q":2e0,"q":3}	2	3
go_fastjson	python_orjson	{"0":2e0,"0":3}	2	3
go_fastjson	python_rapidjson	{"0":2e0,"0":3}	2	3
go_fastjson	python_simplejson	{"0":2e0,"0":3}	2	3
go_fastjson	python_std	{"0":2e0,"0":3}	2	3
go_fastjson	python_ujson	{"0":002,"0":3}	2	3
go_fastjson	ruby_std	{"0":2e0,"0":3}	2	3
go_fastjson	rust_json	{"0":2e0,"0":3}	2	3
go_fastjson	rust_jsonc	{"0":2e0,"0":3}	2	3
go_fastjson	rust_serde	{"0":2e0,"0":3}	2	3
go_gjson	go_goccy	{"0":02.,"0":3}	2	3
go_gjson	go_gojay	,,{"q":2,"q":3}	2	3
go_gjson	go_json_iterator	{"0":"2","0":3}	2	3
go_gjson	go_jsonparser	{["0":]2,"0":3}	2	3
go_gjson	go_sonnet	{"0":"2","0":3}	2	3
go_gjson	go_std	{"0":"2","0":3}	2	3
go_gjson	java_gson	{00"0":2,"0":3}	2	3
go_gjson	java_jackson	{"0":"2","0":3}	2	3
go_gjson	java_json	{"0\'":2,"0":3}	2	3
go_gjson	js_json5	{"0":"2","0":3}	2	3
go_gjson	js_v8	{"0":"2","0":3}	2	3
go_gjson	lua_cjson	{"0":02.,"0":3}	2	3
go_gjson	php_std	{"0":"2","0":3}	2	3
go_gjson	postgres	{"0":"2","0":3}	2	3
go_gjson	python_msgspec	{"q":2e0,"q":3}	2	3
go_gjson	python_orjson	{"0":"2","0":3}	2	3
go_gjson	python_rapidjson	{"0":"2","0":3}	2	3
go_gjson	python_simplejson	{"0":"2","0":3}	2	3
go_gjson	python_std	{"0":"2","0":3}	2	3
go_gjson	python_ujson	{"0":02.,"0":3}	2	3
go_gjson	ruby_std	{"0":"2","0":3}	2	3
go_gjson	rust_json	{"0":"2","0":3}	2	3
go_gjson	rust_jsonc	{"0":"2","0":3}	2	3
go_gjson	rust_serde	{"0":"2","0":3}	2	3
go_gjson	sqlite3	{"0\'":2,"0":3}	2	3
go_goccy	go_jsonparser	{"0":002,"0":3}	3	2
go_goccy	sqlite3	{"0":2e0,"0":3}	3	2
go_gojay	go_jsonparser	{"q"":2,""q":3}	2	3
go_gojay	sqlite3	{"q":2e0,"q":3}	3	2
go_json_iterator	go_jsonparser	{"0":2e0,"0":3}	3	2
go_json_iterator	sqlite3	{"0":2e0,"0":3}	3	2
go_jsonparser	go_sonnet	{"0":2e0,"0":3}	2	3
go_jsonparser	go_std	{"0":2e0,"0":3}	2	3
go_jsonparser	java_gson	{00"0":2,"0":3}	2	3
go_jsonparser	java_jackson	{"0":2e0,"0":3}	2	3
go_jsonparser	js_json5	{"0":2e0,"0":3}	2	3
go_jsonparser	js_v8	{"0":2e0,"0":3}	2	3
go_jsonparser	lua_cjson	{"0":002,"0":3}	2	3
go_jsonparser	php_std	{"0":2e0,"0":3}	2	3
go_jsonparser	postgres	{"0":2e0,"0":3}	2	3
go_jsonparser	python_msgspec	{"q":2e0,"q":3}	2	3
go_jsonparser	python_orjson	{"0":2e0,"0":3}	2	3
go_jsonparser	python_rapidjson	{"0":2e0,"0":3}	2	3
go_jsonparser	python_simplejson	{"0":2e0,"0":3}	2	3
go_jsonparser	python_std	{"0":2e0,"0":3}	2	3
go_jsonparser	python_ujson	{"0":002,"0":3}	2	3
go_jsonparser	ruby_std	{"0":2e0,"0":3}	2	3
go_jsonparser	rust_json	{"0":2e0,"0":3}	2	3
go_jsonparser	rust_jsonc	{"0":2e0,"0":3}	2	3
go_jsonparser	rust_serde	{"0":2e0,"0":3}	2	3
go_sonnet	sqlite3	{"0":2e0,"0":3}	3	2
go_std	sqlite3	{"0":2e0,"0":3}	3	2
java_gson	js_json5	{"0":2,\v"0":3}	2	3
java_gson	rust_json	{"0":2,\v"0":3}	2	3
java_gson	rust_jsonc	{"0":2,\v"0":3}	2	3
java_gson	sqlite3	{"0":2e0,"0":3}	3	2
java_jackson	sqlite3	{"0":2e0,"0":3}	3	2
js_json5	sqlite3	{"0":2e0,"0":3}	3	2
js_v8	sqlite3	{"0":2e0,"0":3}	3	2
lua_cjson	sqlite3	{"0":2e0,"0":3}	3	2
php_std	sqlite3	{"0":2e0,"0":3}	3	2
postgres	sqlite3	{"0":2e0,"0":3}	3	2
python_msgspec	sqlite3	{"q":2e0,"q":3}	3	2
python_orjson	sqlite3	{"0":2e0,"0":3}	3	2
python_rapidjson	sqlite3	{"0":2e0,"0":3}	3	2
python_simplejson	sqlite3	{"0":2e0,"0":3}	3	2
python_std	sqlite3	{"0":2e0,"0":3}	3	2
python_ujson	sqlite3	{"0":2e0,"0":3}	3	2
ruby_std	sqlite3	{"0":2e0,"0":3}	3	2
rust_json	sqlite3	{"0":2e0,"0":3}	3	2
rust_jsonc	sqlite3	{"0":2e0,"0":3}	3	2
rust_serde	sqlite3	{"0":2e0,"0":3}	3	2
c_json_parser	js_json5	{"0":2,"\\n0":3}	2	3
c_frozen	java_jackson	{"q":2,"\xffq":3}	2	3
c_jsmn	java_jackson	{"0":2,"\xff0":3}	2	3
c_json_c	java_jackson	{"0":2,"\xff0":3}	2	3
c_json_parser	java_jackson	{"0":2,"\xff0":3}	2	3
dotnet_newtonsoft	java_gson	{"0":2,\x00"0":3}	3	2
dotnet_newtonsoft	java_jackson	{"0":2,"\xff0":3}	2	3
dotnet_std	java_jackson	{"0":2,"\xff0":3}	2	3
go_goccy	java_jackson	{"0":2,"\xff0":3}	2	3
go_gojay	java_jackson	{"q":2,"\xffq":3}	2	3
go_json_iterator	java_jackson	{"0":2,"\xff0":3}	2	3
go_sonnet	java_jackson	{"0":2,"\xff0":3}	2	3
go_std	java_jackson	{"0":2,"\xff0":3}	2	3
java_gson	java_jackson	{"0":2,"\xff0":3}	2	3
java_jackson	java_json	{"0":2,"\xff0":3}	3	2
java_jackson	js_json5	{"0":2,"\xff0":3}	3	2
java_jackson	js_v8	{"0":2,"\xff0":3}	3	2
java_jackson	lua_cjson	{"0":2,"\xff0":3}	3	2
java_jackson	python_msgspec	{"q":2,"\xffq":3}	3	2
java_jackson	ruby_std	{"0":2,"\xff0":3}	3	2
java_jackson	rust_json	{"0":2,"\xff0":3}	3	2
c_frozen	c_jansson	{"q":2,"\u0071":3}	2	3
c_frozen	cpp_boost	{"q":2,"\u0071":3}	2	3
c_frozen	cpp_nlohmann	{"q":2,"\u0071":3}	2	3
c_frozen	dotnet_std	{"q":2,"\u0071":3}	2	3
c_frozen	go_sonnet	{"q":2,"\u0071":3}	2	3
c_frozen	js_v8	{"q":2,"\u0071":3}	2	3
c_frozen	php_std	{"q":2,"\u0071":3}	2	3
c_frozen	postgres	{"q":2,"\u0071":3}	2	3
c_frozen	python_msgspec	{"q":2,"\u0071":3}	2	3
c_frozen	python_orjson	{"q":2,"\u0071":3}	2	3
c_frozen	python_rapidjson	{"q":2,"\u0071":3}	2	3
c_frozen	python_simplejson	{"q":2,"\u0071":3}	2	3
c_frozen	python_std	{"q":2,"\u0071":3}	2	3
c_frozen	python_ujson	{"q":2,"\u0071":3}	2	3
c_frozen	rust_serde	{"q":2,"\u0071":3}	2	3
c_jansson	c_jsmn	{"0":2,"\u0030":3}	3	2
c_jsmn	c_json_parser	{"0":2,"\u0030":3}	2	3
c_jsmn	cpp_boost	{"0":2,"\u0030":3}	2	3
c_jsmn	cpp_nlohmann	{"0":2,"\u0030":3}	2	3
c_jsmn	cpp_yajl	{"0":2,"\u0030":3}	2	3
c_jsmn	dotnet_newtonsoft	{"0":2,"\u0030":3}	2	3
c_jsmn	dotnet_std	{"0":2,"\u0030":3}	2	3
c_jsmn	go_goccy	{"0":2,"\u0030":3}	2	3
c_jsmn	go_json_iterator	{"0":2,"\u0030":3}	2	3
c_jsmn	go_sonnet	{"0":2,"\u0030":3}	2	3
c_jsmn	go_std	{"0":2,"\u0030":3}	2	3
c_jsmn	js_json5	{"0":2,"\u0030":3}	2	3
c_jsmn	js_v8	{"0":2,"\u0030":3}	2	3
c_jsmn	lua_cjson	{"0":2,"\u0030":3}	2	3
c_jsmn	php_std	{"0":2,"\u0030":3}	2	3
c_jsmn	postgres	{"0":2,"\u0030":3}	2	3
c_jsmn	python_msgspec	{"q":2,"\u0071":3}	2	3
c_jsmn	python_orjson	{"0":2,"\u0030":3}	2	3
c_jsmn	python_rapidjson	{"0":2,"\u0030":3}	2	3
c_jsmn	python_simplejson	{"0":2,"\u0030":3}	2	3
c_jsmn	python_std	{"0":2,"\u0030":3}	2	3
c_jsmn	python_ujson	{"0":2,"\u0030":3}	2	3
c_jsmn	ruby_std	{"0":2,"\u0030":3}	2	3
c_jsmn	rust_json	{"0":2,"\u0030":3}	2	3
c_jsmn	rust_serde	{"0":2,"\u0030":3}	2	3
c_mjson	go_gjson	{"\u0030":2,"0":3}	3	2
c_mjson	go_jsonparser	{"\u0030":2,"0":3}	3	2
cpp_mongoose	go_gjson	{"\u0030":2,"0":3}	3	2
cpp_mongoose	go_jsonparser	{"\u0030":2,"0":3}	3	2
go_fastjson	go_gjson	{"\u0030":2,"0":3}	3	2
go_fastjson	go_jsonparser	{"\u0030":2,"0":3}	3	2
c_cjson	c_mjson	{"0\u0000":2,"0":3}	2	3
c_cjson	cpp_mongoose	{"0\u0000":2,"0":3}	2	3
c_cjson	go_fastjson	{"0\u0000":2,"0":3}	2	3
c_cjson	go_gjson	{"0\u0000":2,"0":3}	2	3
c_cjson	go_jsonparser	{"0\u0000":2,"0":3}	2	3
c_cjson	java_json	{"0\u0000":2,"0":3}	2	3
c_frozen	cpp_poco	{"q":2,"q\u0000":3}	2	3
c_jsmn	c_json_c	{"0":2,"0\u0000":3}	2	3
c_jsmn	cpp_poco	{"0":2,"0\u0000":3}	2	3
c_json_c	c_json_parser	{"0":2,"0\u0000":3}	3	2
c_json_c	cpp_boost	{"0":2,"0\u0000":3}	3	2
c_json_c	cpp_nlohmann	{"0":2,"0\u0000":3}	3	2
c_json_c	cpp_yajl	{"0":2,"0\u0000":3}	3	2
c_json_c	dotnet_newtonsoft	{"0":2,"0\u0000":3}	3	2
c_json_c	dotnet_std	{"0":2,"0\u0000":3}	3	2
c_json_c	go_goccy	{"0":2,"0\u0000":3}	3	2
c_json_c	go_gojay	{"q":2,"q\u0000":3}	3	2
c_json_c	go_json_iterator	{"0":2,"0\u0000":3}	3	2
c_json_c	go_sonnet	{"0":2,"0\u0000":3}	3	2
c_json_c	go_std	{"0":2,"0\u0000":3}	3	2
c_json_c	java_gson	{"0":2,"0\u0000":3}	3	2
c_json_c	java_json	{"0":2,"0\u0000":3}	3	2
c_json_c	js_json5	{"0":2,"0\u0000":3}	3	2
c_json_c	js_v8	{"0":2,"0\u0000":3}	3	2
c_json_c	lua_cjson	{"0":2,"0\u0000":3}	3	2
c_json_c	php_std	{"0":2,"0\u0000":3}	3	2
c_json_c	python_msgspec	{"q":2,"q\u0000":3}	3	2
c_json_c	python_orjson	{"0":2,"0\u0000":3}	3	2
c_json_c	python_rapidjson	{"0":2,"0\u0000":3}	3	2
c_json_c	python_simplejson	{"0":2,"0\u0000":3}	3	2
c_json_c	python_std	{"0":2,"0\u0000":3}	3	2
c_json_c	python_ujson	{"0":2,"0\u0000":3}	3	2
c_json_c	ruby_std	{"0":2,"0\u0000":3}	3	2
c_json_c	rust_json	{"0":2,"0\u0000":3}	3	2
c_json_c	rust_jsonc	{"0":2,"0\u0000":3}	3	2
c_json_c	rust_serde	{"0":2,"0\u0000":3}	3	2
c_json_parser	cpp_poco	{"0":2,"0\u0000":3}	2	3
c_mjson	sqlite3	{"0\u0000":2,"0":3}	3	2
cpp_boost	cpp_poco	{"0":2,"0\u0000":3}	2	3
cpp_mongoose	sqlite3	{"0\u0000":2,"0":3}	3	2
cpp_nlohmann	cpp_poco	{"0":2,"0\u0000":3}	2	3
cpp_poco	cpp_yajl	{"0":2,"0\u0000":3}	3	2
cpp_poco	dotnet_newtonsoft	{"0":2,"0\u0000":3}	3	2
cpp_poco	dotnet_std	{"0":2,"0\u0000":3}	3	2
cpp_poco	go_goccy	{"0":2,"0\u0000":3}	3	2
cpp_poco	go_gojay	{"q":2,"q\u0000":3}	3	2
cpp_poco	go_json_iterator	{"0":2,"0\u0000":3}	3	2
cpp_poco	go_sonnet	{"0":2,"0\u0000":3}	3	2
cpp_poco	go_std	{"0":2,"0\u0000":3}	3	2
cpp_poco	java_gson	{"0":2,"0\u0000":3}	3	2
cpp_poco	java_jackson	{"0":2,"0\u0000":3}	3	2
cpp_poco	java_json	{"0":2,"0\u0000":3}	3	2
cpp_poco	js_json5	{"0":2,"0\u0000":3}	3	2
cpp_poco	js_v8	{"0":2,"0\u0000":3}	3	2
cpp_poco	lua_cjson	{"0":2,"0\u0000":3}	3	2
cpp_poco	php_std	{"0":2,"0\u0000":3}	3	2
cpp_poco	python_msgspec	{"q":2,"q\u0000":3}	3	2
cpp_poco	python_orjson	{"0":2,"0\u0000":3}	3	2
cpp_poco	python_rapidjson	{"0":2,"0\u0000":3}	3	2
cpp_poco	python_simplejson	{"0":2,"0\u0000":3}	3	2
cpp_poco	python_std	{"0":2,"0\u0000":3}	3	2
cpp_poco	python_ujson	{"0":2,"0\u0000":3}	3	2
cpp_poco	ruby_std	{"0":2,"0\u0000":3}	3	2
cpp_poco	rust_json	{"0":2,"0\u0000":3}	3	2
cpp_poco	rust_jsonc	{"0":2,"0\u0000":3}	3	2
cpp_poco	rust_serde	{"0":2,"0\u0000":3}	3	2
go_fastjson	sqlite3	{"0\u0000":2,"0":3}	3	2
go_jsonparser	sqlite3	{"0\u0000":2,"0":3}	3	2
java_json	sqlite3	{"0\u0000":2,"0":3}	3	2
cpp_yajl	java_jackson	{"0":2,"\xc0\xb0":3}	2	3
go_sonnet	java_gson	{"\xf0\x9f\x98\x80":2,\t\x89"\xf0\x9f\x98\x80":3}	3	2
c_json_parser	dotnet_std	{"\xf0\x9f\x98\x80":2,"\xf0\x9f\x98\x80":2,"\xf0":3}	3	2
c_json_parser	go_sonnet	{"\xf0\x9f\x98\x80":2,"\xf0\x9f\x98\x80":2,"\xf0":3}	3	2
c_json_parser	java_gson	{"\xf0\x9f\x98\x80":2,"\xf0\x9f\x98\x80":2,"\xf0":3}	3	2
c_json_parser	js_v8	{"\xf0\x9f\x98\x80":2,"\xf0\x9f\x98\x80":2,"\xf0":3}	3	2
c_json_parser	lua_cjson	{"\xf0\x9f\x98\x80":2,"\xf0\x9f\x98\x80":2,"\xf0":3}	3	2
c_json_parser	rust_json	{"\xf0\x9f\x98\x80":2,"\xf0\x9f\x98\x80":2,"\xf0":3}	3	2
