c_frozen	go_gojay	{"q":001e308}	1e+308	PARSE_ERROR
c_frozen	python_msgspec	{"q":001e308}	1e+308	PARSE_ERROR
cpp_boost	cpp_nlohmann	{"q":901e308}	inf	PARSE_ERROR
go_gojay	python_msgspec	,{"q":1e3-08}	1e-8	PARSE_ERROR
python_simplejson	python_std	{"q":901e308}	PARSE_ERROR	Infinity
js_v8	ruby_std	{"\0":2,"0":3}	PARSE_ERROR	3
php_std	ruby_std	{"\0":2,"0":3}	PARSE_ERROR	3
ruby_std	rust_json	{"\0":2,"0":3}	3	PARSE_ERROR
ruby_std	rust_serde	{"\0":2,"0":3}	3	PARSE_ERROR
c_cjson	c_frozen	{"000":2,"0":3}	3	PARSE_ERROR
c_cjson	c_jansson	{"00":02,"0":3}	3	PARSE_ERROR
c_cjson	c_jsmn	{"00":2,"0":3}}	3	PARSE_ERROR
c_cjson	c_json_c	{"00":2,"0":3}}	3	PARSE_ERROR
c_cjson	c_json_parser	{"00":02,"0":3}	3	PARSE_ERROR
c_cjson	c_mjson	{"00":2.,"0":3}	3	PARSE_ERROR
c_cjson	cpp_boost	{"00":02,"0":3}	3	PARSE_ERROR
c_cjson	cpp_mongoose	{"00":2e,"0":3}	PARSE_ERROR	3
c_cjson	cpp_nlohmann	{"00":02,"0":3}	3	PARSE_ERROR
c_cjson	cpp_poco	{"00":02,"0":3}	3	PARSE_ERROR
c_cjson	cpp_yajl	{"00":02,"0":3}	3	PARSE_ERROR
c_cjson	dotnet_newtonsoft	{"00":2,"0":3}}	3	PARSE_ERROR
c_cjson	dotnet_std	{"00":02,"0":3}	3	PARSE_ERROR
c_cjson	go_fastjson	{"00":2,"0":3}}	3	PARSE_ERROR
c_cjson	go_gjson	00{"0":2,"0":3}	KEY_NOT_FOUND	2
c_cjson	go_goccy	{"00":2,"0":3}}	3	PARSE_ERROR
c_cjson	go_gojay	{"000":2,"0":3}	3	KEY_NOT_FOUND
c_cjson	go_json_iterator	{"00":02,"0":3}	3	PARSE_ERROR
c_cjson	go_jsonparser	00{"0":2,"0":3}	KEY_NOT_FOUND	2
c_cjson	go_sonnet	{"00":02,"0":3}	3	PARSE_ERROR
c_cjson	go_std	{"00":02,"0":3}	3	PARSE_ERROR
c_cjson	java_gson	{"00":2,"0":3}}	3	PARSE_ERROR
c_cjson	java_jackson	{"00":02,"0":3}	3	PARSE_ERROR
c_cjson	java_json	{"0":002,"0":3}	2	PARSE_ERROR
c_cjson	js_json5	{"00":02,"0":3}	3	PARSE_ERROR
c_cjson	js_v8	{"00":02,"0":3}	3	PARSE_ERROR
c_cjson	lua_cjson	{"00":2,"0":3}}	3	PARSE_ERROR
c_cjson	php_std	{"00":02,"0":3}	3	PARSE_ERROR
c_cjson	postgres	{"00":02,"0":3}	3	PARSE_ERROR
c_cjson	python_msgspec	{"000":2,"0":3}	3	PARSE_ERROR
c_cjson	python_orjson	{"00":02,"0":3}	3	PARSE_ERROR
c_cjson	python_rapidjson	{"00":02,"0":3}	3	PARSE_ERROR
c_cjson	python_simplejson	{"00":02,"0":3}	3	PARSE_ERROR
c_cjson	python_std	{"00":02,"0":3}	3	PARSE_ERROR
c_cjson	python_ujson	{"00":2,"0":3}}	3	PARSE_ERROR
c_cjson	ruby_std	{"00":02,"0":3}	3	PARSE_ERROR
c_cjson	rust_json	{"00":02,"0":3}	3	PARSE_ERROR
c_cjson	rust_jsonc	{"00":02,"0":3}	3	PARSE_ERROR
c_cjson	rust_serde	{"00":02,"0":3}	3	PARSE_ERROR
c_cjson	sqlite3	{"00":02,"0":3}	3	PARSE_ERROR
c_frozen	c_jansson	{"000":2,"0":3}	PARSE_ERROR	3
c_frozen	c_jsmn	,,{"0":2,"0":3}	PARSE_ERROR	3
c_frozen	c_json_c	{"000":2,"0":3}	PARSE_ERROR	3
c_frozen	c_json_parser	{"000":2,"0":3}	PARSE_ERROR	3
c_frozen	c_mjson	{"000":2,"0":3}	PARSE_ERROR	3
c_frozen	cpp_boost	{"000":2,"0":3}	PARSE_ERROR	3
c_frozen	cpp_mongoose	{"000":2,"0":3}	PARSE_ERROR	3
c_frozen	cpp_nlohmann	{"000":2,"0":3}	PARSE_ERROR	3
c_frozen	cpp_poco	{"000":2,"0":3}	PARSE_ERROR	3
c_frozen	cpp_yajl	{"000":2,"0":3}	PARSE_ERROR	3
c_frozen	dotnet_newtonsoft	{"000":2,"0":3}	PARSE_ERROR	3
c_frozen	dotnet_std	{"000":2,"0":3}	PARSE_ERROR	3
c_frozen	go_fastjson	{"000":2,"0":3}	PARSE_ERROR	3
c_frozen	go_gjson	00{"0":2,"0":3}	PARSE_ERROR	2
c_frozen	go_goccy	{"000":2,"0":3}	PARSE_ERROR	3
c_frozen	go_json_iterator	{"000":2,"0":3}	PARSE_ERROR	3
c_frozen	go_jsonparser	00{"0":2,"0":3}	PARSE_ERROR	2
c_frozen	go_sonnet	{"000":2,"0":3}	PARSE_ERROR	3
c_frozen	go_std	{"000":2,"0":3}	PARSE_ERROR	3
c_frozen	java_gson	{00"0":2,"0":3}	PARSE_ERROR	3
c_frozen	java_jackson	{"000":2,"0":3}	PARSE_ERROR	3
c_frozen	java_json	{"000":2,"0":3}	PARSE_ERROR	3
c_frozen	js_json5	[{"0":2,"0":3}]	PARSE_ERROR	{"0":3}
c_frozen	js_v8	[{"0":2,"0":3}]	PARSE_ERROR	{"0":3}
c_frozen	lua_cjson	{"000":2,"0":3}	PARSE_ERROR	3
c_frozen	php_std	[{"0":2,"0":3}]	PARSE_ERROR	[3]
c_frozen	postgres	{"000":2,"0":3}	PARSE_ERROR	3
c_frozen	python_orjson	{"000":2,"0":3}	PARSE_ERROR	3
c_frozen	python_rapidjson	{"000":2,"0":3}	PARSE_ERROR	3
c_frozen	python_simplejson	{"000":2,"0":3}	PARSE_ERROR	3
c_frozen	python_std	{"000":2,"0":3}	PARSE_ERROR	3
c_frozen	python_ujson	{"000":2,"0":3}	PARSE_ERROR	3
c_frozen	ruby_std	{"000":2,"0":3}	PARSE_ERROR	3
c_frozen	rust_json	{"000":2,"0":3}	PARSE_ERROR	3
c_frozen	rust_jsonc	{"000":2,"0":3}	PARSE_ERROR	3
c_frozen	rust_serde	{"000":2,"0":3}	PARSE_ERROR	3
c_frozen	sqlite3	{"000":2,"0":3}	PARSE_ERROR	3
c_jansson	c_jsmn	{"0":[2],"0":3}	3	PARSE_ERROR
c_jansson	c_json_parser	{"00":2,"0":3,}	PARSE_ERROR	3
c_jansson	c_mjson	{"0":[2],"0":3}	3	PARSE_ERROR
c_jansson	cpp_boost	{"0":2,"0":"3"}	3	PARSE_ERROR
c_jansson	cpp_mongoose	{"0":[2],"0":3}	3	PARSE_ERROR
c_jansson	cpp_nlohmann	{"0":2,"0":"3"}	3	PARSE_ERROR
c_jansson	go_gjson	00{"0":2,"0":3}	PARSE_ERROR	2
c_jansson	go_goccy	{"00":02,"0":3}	PARSE_ERROR	3
c_jansson	go_gojay	{"000":2,"0":3}	3	KEY_NOT_FOUND
c_jansson	go_json_iterator	{"0":2,"0":[3]}	PARSE_ERROR	[3]
c_jansson	go_jsonparser	{"0":[2],"0":3}	3	PARSE_ERROR
c_jansson	java_jackson	{"00":2,"0":3}}	PARSE_ERROR	3
c_jansson	java_json	{"0":0e2,"0":3}	3	PARSE_ERROR
c_jansson	lua_cjson	{"00":02,"0":3}	PARSE_ERROR	3
c_jansson	python_msgspec	{"000":2,"0":3}	3	PARSE_ERROR
c_jansson	rust_jsonc	{"0":2,"0":"3"}	3	KEY_NOT_FOUND
c_jsmn	c_json_c	,,{"0":2,"0":3}	3	PARSE_ERROR
c_jsmn	c_json_parser	,,{"0":2,"0":3}	3	PARSE_ERROR
c_jsmn	c_mjson	,,{"0":2,"0":3}	3	PARSE_ERROR
c_jsmn	cpp_boost	,,{"0":2,"0":3}	3	PARSE_ERROR
c_jsmn	cpp_mongoose	,,{"0":2,"0":3}	3	PARSE_ERROR
c_jsmn	cpp_nlohmann	,,{"0":2,"0":3}	3	PARSE_ERROR
c_jsmn	cpp_poco	,,{"0":2,"0":3}	3	PARSE_ERROR
c_jsmn	cpp_yajl	,,{"0":2,"0":3}	3	PARSE_ERROR
c_jsmn	dotnet_newtonsoft	,,{"0":2,"0":3}	3	PARSE_ERROR
c_jsmn	dotnet_std	,,{"0":2,"0":3}	3	PARSE_ERROR
c_jsmn	go_fastjson	,,{"0":2,"0":3}	3	PARSE_ERROR
c_jsmn	go_gjson	00{"0":2,"0":3}	PARSE_ERROR	2
c_jsmn	go_goccy	,,{"0":2,"0":3}	3	PARSE_ERROR
c_jsmn	go_gojay	,,{"0":2,"0":3}	3	KEY_NOT_FOUND
c_jsmn	go_json_iterator	,,{"0":2,"0":3}	3	PARSE_ERROR
c_jsmn	go_jsonparser	,{"0",:2,"0":3}	3	PARSE_ERROR
c_jsmn	go_sonnet	,,{"0":2,"0":3}	3	PARSE_ERROR
c_jsmn	go_std	,,{"0":2,"0":3}	3	PARSE_ERROR
c_jsmn	java_gson	,,{"0":2,"0":3}	3	PARSE_ERROR
c_jsmn	java_jackson	,,{"0":2,"0":3}	3	PARSE_ERROR
c_jsmn	java_json	,,{"0":2,"0":3}	3	PARSE_ERROR
c_jsmn	js_json5	,,{"0":2,"0":3}	3	PARSE_ERROR
c_jsmn	js_v8	,,{"0":2,"0":3}	3	PARSE_ERROR
c_jsmn	lua_cjson	,,{"0":2,"0":3}	3	PARSE_ERROR
c_jsmn	php_std	,,{"0":2,"0":3}	3	PARSE_ERROR
c_jsmn	postgres	,,{"0":2,"0":3}	3	PARSE_ERROR
c_jsmn	python_msgspec	,,{"0":2,"0":3}	3	PARSE_ERROR
c_jsmn	python_orjson	,,{"0":2,"0":3}	3	PARSE_ERROR
c_jsmn	python_rapidjson	,,{"0":2,"0":3}	3	PARSE_ERROR
c_jsmn	python_simplejson	,,{"0":2,"0":3}	3	PARSE_ERROR
c_jsmn	python_std	,,{"0":2,"0":3}	3	PARSE_ERROR
c_jsmn	python_ujson	,,{"0":2,"0":3}	3	PARSE_ERROR
c_jsmn	ruby_std	,,{"0":2,"0":3}	3	PARSE_ERROR
c_jsmn	rust_json	,,{"0":2,"0":3}	3	PARSE_ERROR
c_jsmn	rust_jsonc	,,{"0":2,"0":3}	3	PARSE_ERROR
c_jsmn	rust_serde	,,{"0":2,"0":3}	3	PARSE_ERROR
c_jsmn	sqlite3	,,{"0":2,"0":3}	3	PARSE_ERROR
c_json_c	c_json_parser	{"00":02,"0":3}	3	PARSE_ERROR
c_json_c	c_mjson	{"00":2.,"0":3}	3	PARSE_ERROR
c_json_c	cpp_boost	{"00":02,"0":3}	3	PARSE_ERROR
c_json_c	cpp_mongoose	{"0":[2],"0":3}	3	PARSE_ERROR
c_json_c	cpp_nlohmann	{"00":02,"0":3}	3	PARSE_ERROR
c_json_c	cpp_poco	{"00":02,"0":3}	3	PARSE_ERROR
c_json_c	cpp_yajl	{"00":02,"0":3}	3	PARSE_ERROR
c_json_c	dotnet_newtonsoft	{"00":2e,"0":3}	3	PARSE_ERROR
c_json_c	dotnet_std	{"00":02,"0":3}	3	PARSE_ERROR
c_json_c	go_fastjson	{"00":2,"0":3,}	3	PARSE_ERROR
c_json_c	go_gjson	00{"0":2,"0":3}	PARSE_ERROR	2
c_json_c	go_goccy	{"00":2e,"0":3}	3	PARSE_ERROR
c_json_c	go_gojay	{"000":2,"0":3}	3	KEY_NOT_FOUND
c_json_c	go_json_iterator	{"00":02,"0":3}	3	PARSE_ERROR
c_json_c	go_jsonparser	{"00":2,"0":3e}	3	PARSE_ERROR
c_json_c	go_sonnet	{"00":02,"0":3}	3	PARSE_ERROR
c_json_c	go_std	{"00":02,"0":3}	3	PARSE_ERROR
c_json_c	java_gson	{"00":2,"0":3,}	3	PARSE_ERROR
c_json_c	java_jackson	{"00":02,"0":3}	3	PARSE_ERROR
c_json_c	java_json	{"0":002,"0":3}	3	PARSE_ERROR
c_json_c	js_json5	{"00":02,"0":3}	3	PARSE_ERROR
c_json_c	js_v8	{"00":02,"0":3}	3	PARSE_ERROR
c_json_c	lua_cjson	{"00":2e,"0":3}	3	PARSE_ERROR
c_json_c	php_std	{"00":02,"0":3}	3	PARSE_ERROR
c_json_c	postgres	{"00":02,"0":3}	3	PARSE_ERROR
c_json_c	python_msgspec	{"000":2,"0":3}	3	PARSE_ERROR
c_json_c	python_orjson	{"00":02,"0":3}	3	PARSE_ERROR
c_json_c	python_rapidjson	{"00":02,"0":3}	3	PARSE_ERROR
c_json_c	python_simplejson	{"00":02,"0":3}	3	PARSE_ERROR
c_json_c	python_std	{"00":02,"0":3}	3	PARSE_ERROR
c_json_c	python_ujson	{"00":2e,"0":3}	3	PARSE_ERROR
c_json_c	ruby_std	{"00":02,"0":3}	3	PARSE_ERROR
c_json_c	rust_json	{"00":02,"0":3}	3	PARSE_ERROR
c_json_c	rust_jsonc	{"00":02,"0":3}	3	PARSE_ERROR
c_json_c	rust_serde	{"00":02,"0":3}	3	PARSE_ERROR
c_json_c	sqlite3	{"00":02,"0":3}	3	PARSE_ERROR
c_json_parser	c_mjson	{"0":[2],"0":3}	3	PARSE_ERROR
c_json_parser	cpp_boost	{"00":2,"0":3,}	3	PARSE_ERROR
c_json_parser	cpp_mongoose	{"0":[2],"0":3}	3	PARSE_ERROR
c_json_parser	cpp_nlohmann	{"00":2,"0":3,}	3	PARSE_ERROR
c_json_parser	cpp_poco	{"00":2,"0":3,}	3	PARSE_ERROR
c_json_parser	cpp_yajl	{"00":2,"0":3,}	3	PARSE_ERROR
c_json_parser	dotnet_newtonsoft	{"0":-e2,"0":3}	3	PARSE_ERROR
c_json_parser	dotnet_std	{"00":2,"0":3,}	3	PARSE_ERROR
c_json_parser	go_fastjson	{"00":2,"0":3,}	3	PARSE_ERROR
c_json_parser	go_gjson	00{"0":2,"0":3}	PARSE_ERROR	2
c_json_parser	go_goccy	{"00":2,"0":3,}	3	PARSE_ERROR
c_json_parser	go_gojay	{"000":2,"0":3}	3	KEY_NOT_FOUND
c_json_parser	go_json_iterator	{"00":2,"0":3,}	3	PARSE_ERROR
c_json_parser	go_jsonparser	{"0":-e2,"0":3}	3	PARSE_ERROR
c_json_parser	go_sonnet	{"00":2,"0":3,}	3	PARSE_ERROR
c_json_parser	go_std	{"00":2,"0":3,}	3	PARSE_ERROR
c_json_parser	java_gson	{"00":2,"0":3,}	3	PARSE_ERROR
c_json_parser	java_jackson	{"00":2,"0":3,}	3	PARSE_ERROR
c_json_parser	java_json	{"0":0e2,"0":3}	3	PARSE_ERROR
c_json_parser	js_json5	{"0":-e2,"0":3}	3	PARSE_ERROR
c_json_parser	js_v8	{"00":2,"0":3,}	3	PARSE_ERROR
c_json_parser	lua_cjson	{"00":2,"0":3,}	3	PARSE_ERROR
c_json_parser	php_std	{"00":2,"0":3,}	3	PARSE_ERROR
c_json_parser	postgres	{"00":2,"0":3,}	3	PARSE_ERROR
c_json_parser	python_msgspec	{"000":2,"0":3}	3	PARSE_ERROR
c_json_parser	python_orjson	{"00":2,"0":3,}	3	PARSE_ERROR
c_json_parser	python_rapidjson	{"00":2,"0":3,}	3	PARSE_ERROR
c_json_parser	python_simplejson	{"00":2,"0":3,}	3	PARSE_ERROR
c_json_parser	python_std	{"00":2,"0":3,}	3	PARSE_ERROR
c_json_parser	python_ujson	{"00":2,"0":3,}	3	PARSE_ERROR
c_json_parser	ruby_std	{"00":2,"0":3,}	3	PARSE_ERROR
c_json_parser	rust_json	{"00":2,"0":3,}	3	PARSE_ERROR
c_json_parser	rust_jsonc	{"0":-e2,"0":3}	3	PARSE_ERROR
c_json_parser	rust_serde	{"00":2,"0":3,}	3	PARSE_ERROR
c_json_parser	sqlite3	{"0":-e2,"0":3}	3	PARSE_ERROR
c_mjson	cpp_boost	{"00":02,"0":3}	3	PARSE_ERROR
c_mjson	cpp_mongoose	{"00":2.,"0":3}	PARSE_ERROR	3
c_mjson	cpp_nlohmann	{"00":02,"0":3}	3	PARSE_ERROR
c_mjson	cpp_poco	{"00":02,"0":3}	3	PARSE_ERROR
c_mjson	cpp_yajl	{"00":02,"0":3}	3	PARSE_ERROR
c_mjson	dotnet_newtonsoft	{"00":2e,"0":3}	3	PARSE_ERROR
c_mjson	dotnet_std	{"00":02,"0":3}	3	PARSE_ERROR
c_mjson	go_fastjson	{"00":2,"0":3[}	3	PARSE_ERROR
c_mjson	go_gjson	00{"0":2,"0":3}	PARSE_ERROR	2
c_mjson	go_goccy	{"00":2e,"0":3}	3	PARSE_ERROR
c_mjson	go_gojay	{"000":2,"0":3}	3	KEY_NOT_FOUND
c_mjson	go_json_iterator	{"00":02,"0":3}	3	PARSE_ERROR
c_mjson	go_jsonparser	{"00":2,"0":3-}	3	PARSE_ERROR
c_mjson	go_sonnet	{"00":02,"0":3}	3	PARSE_ERROR
c_mjson	go_std	{"00":02,"0":3}	3	PARSE_ERROR
c_mjson	java_gson	{"00":2,"0":3[}	3	PARSE_ERROR
c_mjson	java_jackson	{"00":02,"0":3}	3	PARSE_ERROR
c_mjson	java_json	{"00":2,"0":3[}	3	PARSE_ERROR
c_mjson	js_json5	{"00":02,"0":3}	3	PARSE_ERROR
c_mjson	js_v8	{"00":02,"0":3}	3	PARSE_ERROR
c_mjson	lua_cjson	{"00":2e,"0":3}	3	PARSE_ERROR
c_mjson	php_std	{"00":02,"0":3}	3	PARSE_ERROR
c_mjson	postgres	{"00":02,"0":3}	3	PARSE_ERROR
c_mjson	python_msgspec	{"000":2,"0":3}	3	PARSE_ERROR
c_mjson	python_orjson	{"00":02,"0":3}	3	PARSE_ERROR
c_mjson	python_rapidjson	{"00":02,"0":3}	3	PARSE_ERROR
c_mjson	python_simplejson	{"00":02,"0":3}	3	PARSE_ERROR
c_mjson	python_std	{"00":02,"0":3}	3	PARSE_ERROR
c_mjson	python_ujson	{"00":2e,"0":3}	3	PARSE_ERROR
c_mjson	ruby_std	{"00":02,"0":3}	3	PARSE_ERROR
c_mjson	rust_json	{"00":02,"0":3}	3	PARSE_ERROR
c_mjson	rust_jsonc	{"00":02,"0":3}	3	PARSE_ERROR
c_mjson	rust_serde	{"00":02,"0":3}	3	PARSE_ERROR
c_mjson	sqlite3	{"00":02,"0":3}	3	PARSE_ERROR
cpp_boost	cpp_mongoose	{"0":[2],"0":3}	3	PARSE_ERROR
cpp_boost	go_gjson	00{"0":2,"0":3}	PARSE_ERROR	2
cpp_boost	go_goccy	{"00":02,"0":3}	PARSE_ERROR	3
cpp_boost	go_gojay	{"000":2,"0":3}	3	KEY_NOT_FOUND
cpp_boost	go_json_iterator	{"0":2,"0":[3]}	PARSE_ERROR	[3]
cpp_boost	go_jsonparser	{"0":[2],"0":3}	3	PARSE_ERROR
cpp_boost	java_jackson	{"00":2,"0":3}}	PARSE_ERROR	3
cpp_boost	java_json	{"0":0e2,"0":3}	3	PARSE_ERROR
cpp_boost	lua_cjson	{"00":02,"0":3}	PARSE_ERROR	3
cpp_boost	python_msgspec	{"000":2,"0":3}	3	PARSE_ERROR
cpp_mongoose	cpp_nlohmann	{"00":02,"0":3}	3	PARSE_ERROR
cpp_mongoose	cpp_poco	{"00":02,"0":3}	3	PARSE_ERROR
cpp_mongoose	cpp_yajl	{"00":02,"0":3}	3	PARSE_ERROR
cpp_mongoose	dotnet_newtonsoft	{"00":2e,"0":3}	3	PARSE_ERROR
cpp_mongoose	dotnet_std	{"00":02,"0":3}	3	PARSE_ERROR
cpp_mongoose	go_fastjson	{"00":2,"0":3[}	3	PARSE_ERROR
cpp_mongoose	go_gjson	00{"0":2,"0":3}	PARSE_ERROR	2
cpp_mongoose	go_goccy	{"00":2e,"0":3}	3	PARSE_ERROR
cpp_mongoose	go_gojay	{"000":2,"0":3}	3	KEY_NOT_FOUND
cpp_mongoose	go_json_iterator	{"00":02,"0":3}	3	PARSE_ERROR
cpp_mongoose	go_jsonparser	{"00":2,"0":3e}	3	PARSE_ERROR
cpp_mongoose	go_sonnet	{"00":02,"0":3}	3	PARSE_ERROR
cpp_mongoose	go_std	{"00":02,"0":3}	3	PARSE_ERROR
cpp_mongoose	java_gson	{"00":2,"0":3[}	3	PARSE_ERROR
cpp_mongoose	java_jackson	{"00":02,"0":3}	3	PARSE_ERROR
cpp_mongoose	java_json	{"00":2,"0":3[}	3	PARSE_ERROR
cpp_mongoose	js_json5	{"00":02,"0":3}	3	PARSE_ERROR
cpp_mongoose	js_v8	{"00":02,"0":3}	3	PARSE_ERROR
cpp_mongoose	lua_cjson	{"00":2e,"0":3}	3	PARSE_ERROR
cpp_mongoose	php_std	{"00":02,"0":3}	3	PARSE_ERROR
cpp_mongoose	postgres	{"00":02,"0":3}	3	PARSE_ERROR
cpp_mongoose	python_msgspec	{"000":2,"0":3}	3	PARSE_ERROR
cpp_mongoose	python_orjson	{"00":02,"0":3}	3	PARSE_ERROR
cpp_mongoose	python_rapidjson	{"00":02,"0":3}	3	PARSE_ERROR
cpp_mongoose	python_simplejson	{"00":02,"0":3}	3	PARSE_ERROR
cpp_mongoose	python_std	{"00":02,"0":3}	3	PARSE_ERROR
cpp_mongoose	python_ujson	{"00":2e,"0":3}	3	PARSE_ERROR
cpp_mongoose	ruby_std	{"00":02,"0":3}	3	PARSE_ERROR
cpp_mongoose	rust_json	{"00":02,"0":3}	3	PARSE_ERROR
cpp_mongoose	rust_jsonc	{"00":02,"0":3}	3	PARSE_ERROR
cpp_mongoose	rust_serde	{"00":02,"0":3}	3	PARSE_ERROR
cpp_mongoose	sqlite3	{"00":02,"0":3}	3	PARSE_ERROR
cpp_nlohmann	go_gjson	00{"0":2,"0":3}	PARSE_ERROR	2
cpp_nlohmann	go_goccy	{"00":02,"0":3}	PARSE_ERROR	3
cpp_nlohmann	go_gojay	{"000":2,"0":3}	3	KEY_NOT_FOUND
cpp_nlohmann	go_json_iterator	{"0":2,"0":[3]}	PARSE_ERROR	[3]
cpp_nlohmann	go_jsonparser	{"0":[2],"0":3}	3	PARSE_ERROR
cpp_nlohmann	java_jackson	{"00":2,"0":3}}	PARSE_ERROR	3
cpp_nlohmann	java_json	{"0":0e2,"0":3}	3	PARSE_ERROR
cpp_nlohmann	lua_cjson	{"00":02,"0":3}	PARSE_ERROR	3
cpp_nlohmann	python_msgspec	{"000":2,"0":3}	3	PARSE_ERROR
cpp_poco	go_gjson	00{"0":2,"0":3}	PARSE_ERROR	2
cpp_poco	go_gojay	{"000":2,"0":3}	3	KEY_NOT_FOUND
cpp_poco	go_jsonparser	{"0":[2],"0":3}	3	PARSE_ERROR
cpp_poco	java_jackson	{"00":2,"0":3}}	PARSE_ERROR	3
cpp_poco	java_json	{"0":0e2,"0":3}	3	PARSE_ERROR
cpp_poco	python_msgspec	{"000":2,"0":3}	3	PARSE_ERROR
cpp_poco	rust_jsonc	{"0":2,"0":"3"}	3	KEY_NOT_FOUND
cpp_yajl	dotnet_newtonsoft	{"00":2,"0":3}"	3	PARSE_ERROR
cpp_yajl	dotnet_std	{"00":2,"0":3}"	3	PARSE_ERROR
cpp_yajl	go_fastjson	{"00":2,"0":3}"	3	PARSE_ERROR
cpp_yajl	go_gjson	00{"0":2,"0":3}	PARSE_ERROR	2
cpp_yajl	go_goccy	{"00":2,"0":3}"	3	PARSE_ERROR
cpp_yajl	go_gojay	{"000":2,"0":3}	3	KEY_NOT_FOUND
cpp_yajl	go_json_iterator	{"00":2,"0":3}"	3	PARSE_ERROR
cpp_yajl	go_jsonparser	{"0":[2],"0":3}	3	PARSE_ERROR
cpp_yajl	go_sonnet	{"00":2,"0":3}"	3	PARSE_ERROR
cpp_yajl	go_std	{"00":2,"0":3}"	3	PARSE_ERROR
cpp_yajl	java_gson	{"00":2,"0":3}"	3	PARSE_ERROR
cpp_yajl	java_jackson	\v{"0":2,"0":3}	3	PARSE_ERROR
cpp_yajl	java_json	{"0":0e2,"0":3}	3	PARSE_ERROR
cpp_yajl	js_json5	{"00":2,"0":3}"	3	PARSE_ERROR
cpp_yajl	js_v8	{"00":2,"0":3}"	3	PARSE_ERROR
cpp_yajl	lua_cjson	{"00":2,"0":3}"	3	PARSE_ERROR
cpp_yajl	php_std	{"00":2,"0":3}"	3	PARSE_ERROR
cpp_yajl	postgres	{"00":2,"0":3}"	3	PARSE_ERROR
cpp_yajl	python_msgspec	{"000":2,"0":3}	3	PARSE_ERROR
cpp_yajl	python_orjson	{"00":2,"0":3}"	3	PARSE_ERROR
cpp_yajl	python_rapidjson	{"00":2,"0":3}"	3	PARSE_ERROR
cpp_yajl	python_simplejson	{"00":2,"0":3}"	3	PARSE_ERROR
cpp_yajl	python_std	{"00":2,"0":3}"	3	PARSE_ERROR
cpp_yajl	python_ujson	{"00":2,"0":3}"	3	PARSE_ERROR
cpp_yajl	ruby_std	{"00":2,"0":3}"	3	PARSE_ERROR
cpp_yajl	rust_json	{"00":2,"0":3}"	3	PARSE_ERROR
cpp_yajl	rust_jsonc	{"00":2,"0":3}"	3	PARSE_ERROR
cpp_yajl	rust_serde	{"00":2,"0":3}"	3	PARSE_ERROR
cpp_yajl	sqlite3	{"00":2,"0":3}"	3	PARSE_ERROR
dotnet_newtonsoft	dotnet_std	{"00":02,"0":3}	3	PARSE_ERROR
dotnet_newtonsoft	go_fastjson	{"00":2,"0":3,}	3	PARSE_ERROR
dotnet_newtonsoft	go_gjson	00{"0":2,"0":3}	PARSE_ERROR	2
dotnet_newtonsoft	go_goccy	{"00":.2,"0":3}	3	PARSE_ERROR
dotnet_newtonsoft	go_gojay	{"000":2,"0":3}	3	KEY_NOT_FOUND
dotnet_newtonsoft	go_json_iterator	{"00":02,"0":3}	3	PARSE_ERROR
dotnet_newtonsoft	go_jsonparser	{"00":2,"0":.3}	0.3	PARSE_ERROR
dotnet_newtonsoft	go_sonnet	{"00":02,"0":3}	3	PARSE_ERROR
dotnet_newtonsoft	go_std	{"00":02,"0":3}	3	PARSE_ERROR
dotnet_newtonsoft	java_gson	{"00":2,"0":3,}	3	PARSE_ERROR
dotnet_newtonsoft	java_jackson	{"00":02,"0":3}	3	PARSE_ERROR
dotnet_newtonsoft	java_json	{"0":002,"0":3}	3	PARSE_ERROR
dotnet_newtonsoft	js_json5	{"00":02,"0":3}	3	PARSE_ERROR
dotnet_newtonsoft	js_v8	{"00":02,"0":3}	3	PARSE_ERROR
dotnet_newtonsoft	lua_cjson	{"00":.2,"0":3}	3	PARSE_ERROR
dotnet_newtonsoft	php_std	{"00":02,"0":3}	3	PARSE_ERROR
dotnet_newtonsoft	postgres	{"00":02,"0":3}	3	PARSE_ERROR
dotnet_newtonsoft	python_msgspec	{"000":2,"0":3}	3	PARSE_ERROR
dotnet_newtonsoft	python_orjson	{"00":02,"0":3}	3	PARSE_ERROR
dotnet_newtonsoft	python_rapidjson	{"00":02,"0":3}	3	PARSE_ERROR
dotnet_newtonsoft	python_simplejson	{"00":02,"0":3}	3	PARSE_ERROR
dotnet_newtonsoft	python_std	{"00":02,"0":3}	3	PARSE_ERROR
dotnet_newtonsoft	python_ujson	{"00":.2,"0":3}	3	PARSE_ERROR
dotnet_newtonsoft	ruby_std	{"00":02,"0":3}	3	PARSE_ERROR
dotnet_newtonsoft	rust_json	{"00":02,"0":3}	3	PARSE_ERROR
dotnet_newtonsoft	rust_jsonc	{"00":02,"0":3}	3	PARSE_ERROR
dotnet_newtonsoft	rust_serde	{"00":02,"0":3}	3	PARSE_ERROR
dotnet_newtonsoft	sqlite3	{"00":02,"0":3}	3	PARSE_ERROR
dotnet_std	go_fastjson	{"00":02,"0":3}	PARSE_ERROR	3
dotnet_std	go_gjson	00{"0":2,"0":3}	PARSE_ERROR	2
dotnet_std	go_goccy	{"00":02,"0":3}	PARSE_ERROR	3
dotnet_std	go_gojay	{"000":2,"0":3}	3	KEY_NOT_FOUND
dotnet_std	go_json_iterator	{"0":2,"0":[3]}	PARSE_ERROR	[3]
dotnet_std	go_jsonparser	{"0":[2],"0":3}	3	PARSE_ERROR
dotnet_std	go_sonnet	{"0":2,"0":[3]}	PARSE_ERROR	[3]
dotnet_std	go_std	{"0":2,"0":[3]}	PARSE_ERROR	[3]
dotnet_std	java_gson	{00"0":2,"0":3}	PARSE_ERROR	3
dotnet_std	java_json	{"0":0e2,"0":3}	3	PARSE_ERROR
dotnet_std	js_json5	[{"0":2,"0":3}]	PARSE_ERROR	{"0":3}
dotnet_std	js_v8	[{"0":2,"0":3}]	PARSE_ERROR	{"0":3}
dotnet_std	lua_cjson	{"00":02,"0":3}	PARSE_ERROR	3
dotnet_std	python_msgspec	{"000":2,"0":3}	3	PARSE_ERROR
dotnet_std	ruby_std	{"0":2,"0":[3]}	PARSE_ERROR	[3]
dotnet_std	rust_json	{"0":2,"0":[3]}	PARSE_ERROR	[3]
dotnet_std	rust_jsonc	{"0":2,"0":"3"}	"3"	KEY_NOT_FOUND
go_fastjson	go_gjson	00{"0":2,"0":3}	PARSE_ERROR	2
go_fastjson	go_goccy	{"00":e2,"0":3}	3	PARSE_ERROR
go_fastjson	go_gojay	{"000":2,"0":3}	3	KEY_NOT_FOUND
go_fastjson	go_json_iterator	{"00":02,"0":3}	3	PARSE_ERROR
go_fastjson	go_jsonparser	{"00":2,"0":.3}	0.3	PARSE_ERROR
go_fastjson	go_sonnet	{"00":02,"0":3}	3	PARSE_ERROR
go_fastjson	go_std	{"00":02,"0":3}	3	PARSE_ERROR
go_fastjson	java_gson	{"0":2,"0":[3]}	2	PARSE_ERROR
go_fastjson	java_jackson	{"00":02,"0":3}	3	PARSE_ERROR
go_fastjson	java_json	{"0":002,"0":3}	2	PARSE_ERROR
go_fastjson	js_json5	{"00":02,"0":3}	3	PARSE_ERROR
go_fastjson	js_v8	{"00":02,"0":3}	3	PARSE_ERROR
go_fastjson	lua_cjson	{"00":e2,"0":3}	3	PARSE_ERROR
go_fastjson	php_std	{"00":02,"0":3}	3	PARSE_ERROR
go_fastjson	postgres	{"00":02,"0":3}	3	PARSE_ERROR
go_fastjson	python_msgspec	{"000":2,"0":3}	3	PARSE_ERROR
go_fastjson	python_orjson	{"00":02,"0":3}	3	PARSE_ERROR
go_fastjson	python_rapidjson	{"00":02,"0":3}	3	PARSE_ERROR
go_fastjson	python_simplejson	{"00":02,"0":3}	3	PARSE_ERROR
go_fastjson	python_std	{"00":02,"0":3}	3	PARSE_ERROR
go_fastjson	python_ujson	{"00":e2,"0":3}	3	PARSE_ERROR
go_fastjson	ruby_std	{"00":02,"0":3}	3	PARSE_ERROR
go_fastjson	rust_json	{"00":02,"0":3}	3	PARSE_ERROR
go_fastjson	rust_jsonc	{"00":02,"0":3}	3	PARSE_ERROR
go_fastjson	rust_serde	{"00":02,"0":3}	3	PARSE_ERROR
go_fastjson	sqlite3	{"00":02,"0":3}	3	PARSE_ERROR
go_gjson	go_goccy	00{"0":2,"0":3}	2	PARSE_ERROR
go_gjson	go_gojay	00{"0":2,"0":3}	2	KEY_NOT_FOUND
go_gjson	go_json_iterator	00{"0":2,"0":3}	2	PARSE_ERROR
go_gjson	go_jsonparser	[]{"0":2,"0":3}	KEY_NOT_FOUND	2
go_gjson	go_sonnet	00{"0":2,"0":3}	2	PARSE_ERROR
go_gjson	go_std	00{"0":2,"0":3}	2	PARSE_ERROR
go_gjson	java_gson	00{"0":2,"0":3}	2	PARSE_ERROR
go_gjson	java_jackson	00{"0":2,"0":3}	2	PARSE_ERROR
go_gjson	java_json	00{"0":2,"0":3}	2	PARSE_ERROR
go_gjson	js_json5	00{"0":2,"0":3}	2	PARSE_ERROR
go_gjson	js_v8	00{"0":2,"0":3}	2	PARSE_ERROR
go_gjson	lua_cjson	00{"0":2,"0":3}	2	PARSE_ERROR
go_gjson	php_std	00{"0":2,"0":3}	2	PARSE_ERROR
go_gjson	postgres	00{"0":2,"0":3}	2	PARSE_ERROR
go_gjson	python_msgspec	00{"0":2,"0":3}	2	PARSE_ERROR
go_gjson	python_orjson	00{"0":2,"0":3}	2	PARSE_ERROR
go_gjson	python_rapidjson	00{"0":2,"0":3}	2	PARSE_ERROR
go_gjson	python_simplejson	00{"0":2,"0":3}	2	PARSE_ERROR
go_gjson	python_std	00{"0":2,"0":3}	2	PARSE_ERROR
go_gjson	python_ujson	00{"0":2,"0":3}	2	PARSE_ERROR
go_gjson	ruby_std	00{"0":2,"0":3}	2	PARSE_ERROR
go_gjson	rust_json	00{"0":2,"0":3}	2	PARSE_ERROR
go_gjson	rust_jsonc	00{"0":2,"0":3}	2	PARSE_ERROR
go_gjson	rust_serde	00{"0":2,"0":3}	2	PARSE_ERROR
go_gjson	sqlite3	00{"0":2,"0":3}	2	PARSE_ERROR
go_goccy	go_gojay	{"000":2,"0":3}	3	KEY_NOT_FOUND
go_goccy	go_json_iterator	{"00":02,"0":3}	3	PARSE_ERROR
go_goccy	go_jsonparser	{"0":[2],"0":3}	3	PARSE_ERROR
go_goccy	go_sonnet	{"00":02,"0":3}	3	PARSE_ERROR
go_goccy	go_std	{"00":02,"0":3}	3	PARSE_ERROR
go_goccy	java_gson	{00"0":2,"0":3}	PARSE_ERROR	3
go_goccy	java_jackson	{"00":02,"0":3}	3	PARSE_ERROR
go_goccy	java_json	{"0":002,"0":3}	3	PARSE_ERROR
go_goccy	js_json5	{"00":02,"0":3}	3	PARSE_ERROR
go_goccy	js_v8	{"00":02,"0":3}	3	PARSE_ERROR
go_goccy	php_std	{"00":02,"0":3}	3	PARSE_ERROR
go_goccy	postgres	{"00":02,"0":3}	3	PARSE_ERROR
go_goccy	python_msgspec	{"000":2,"0":3}	3	PARSE_ERROR
go_goccy	python_orjson	{"00":02,"0":3}	3	PARSE_ERROR
go_goccy	python_rapidjson	{"00":02,"0":3}	3	PARSE_ERROR
go_goccy	python_simplejson	{"00":02,"0":3}	3	PARSE_ERROR
go_goccy	python_std	{"00":02,"0":3}	3	PARSE_ERROR
go_goccy	ruby_std	{"00":02,"0":3}	3	PARSE_ERROR
go_goccy	rust_json	{"00":02,"0":3}	3	PARSE_ERROR
go_goccy	rust_jsonc	{"00":02,"0":3}	3	PARSE_ERROR
go_goccy	rust_serde	{"00":02,"0":3}	3	PARSE_ERROR
go_goccy	sqlite3	{"00":02,"0":3}	3	PARSE_ERROR
go_gojay	go_json_iterator	{"000":2,"0":3}	KEY_NOT_FOUND	3
go_gojay	go_jsonparser	00{"0":2,"0":3}	KEY_NOT_FOUND	2
go_gojay	go_sonnet	{"000":2,"0":3}	KEY_NOT_FOUND	3
go_gojay	go_std	{"000":2,"0":3}	KEY_NOT_FOUND	3
go_gojay	java_gson	{00"0":2,"0":3}	KEY_NOT_FOUND	3
go_gojay	java_jackson	{"000":2,"0":3}	KEY_NOT_FOUND	3
go_gojay	java_json	{"000":2,"0":3}	KEY_NOT_FOUND	3
go_gojay	js_json5	[{"0":2,"0":3}]	KEY_NOT_FOUND	{"0":3}
go_gojay	js_v8	[{"0":2,"0":3}]	KEY_NOT_FOUND	{"0":3}
go_gojay	lua_cjson	{"000":2,"0":3}	KEY_NOT_FOUND	3
go_gojay	php_std	[{"0":2,"0":3}]	KEY_NOT_FOUND	[3]
go_gojay	postgres	{"000":2,"0":3}	KEY_NOT_FOUND	3
go_gojay	python_orjson	{"000":2,"0":3}	KEY_NOT_FOUND	3
go_gojay	python_rapidjson	{"000":2,"0":3}	KEY_NOT_FOUND	3
go_gojay	python_simplejson	{"000":2,"0":3}	KEY_NOT_FOUND	3
go_gojay	python_std	{"000":2,"0":3}	KEY_NOT_FOUND	3
go_gojay	python_ujson	{"000":2,"0":3}	KEY_NOT_FOUND	3
go_gojay	ruby_std	{"000":2,"0":3}	KEY_NOT_FOUND	3
go_gojay	rust_json	{"000":2,"0":3}	KEY_NOT_FOUND	3
go_gojay	rust_jsonc	{"000":2,"0":3}	KEY_NOT_FOUND	3
go_gojay	rust_serde	{"000":2,"0":3}	KEY_NOT_FOUND	3
go_gojay	sqlite3	{"000":2,"0":3}	KEY_NOT_FOUND	3
go_json_iterator	go_jsonparser	{"0":[2],"0":3}	3	PARSE_ERROR
go_json_iterator	java_gson	{00"0":2,"0":3}	PARSE_ERROR	3
go_json_iterator	java_json	{"0":0e2,"0":3}	3	PARSE_ERROR
go_json_iterator	js_json5	{"0":-+2,"0":3}	3	PARSE_ERROR
go_json_iterator	js_v8	{"0":-+2,"0":3}	3	PARSE_ERROR
go_json_iterator	postgres	{"0":2,"0":[3]}	[3]	PARSE_ERROR
go_json_iterator	python_msgspec	{"000":2,"0":3}	3	PARSE_ERROR
go_json_iterator	rust_jsonc	{"00":2,"0":3,}	PARSE_ERROR	3
go_jsonparser	go_sonnet	00{"0":2,"0":3}	2	PARSE_ERROR
go_jsonparser	go_std	00{"0":2,"0":3}	2	PARSE_ERROR
go_jsonparser	java_gson	00{"0":2,"0":3}	2	PARSE_ERROR
go_jsonparser	java_jackson	00{"0":2,"0":3}	2	PARSE_ERROR
go_jsonparser	java_json	00{"0":2,"0":3}	2	PARSE_ERROR
go_jsonparser	js_json5	00{"0":2,"0":3}	2	PARSE_ERROR
go_jsonparser	js_v8	00{"0":2,"0":3}	2	PARSE_ERROR
go_jsonparser	lua_cjson	00{"0":2,"0":3}	2	PARSE_ERROR
go_jsonparser	php_std	00{"0":2,"0":3}	2	PARSE_ERROR
go_jsonparser	postgres	00{"0":2,"0":3}	2	PARSE_ERROR
go_jsonparser	python_msgspec	00{"0":2,"0":3}	2	PARSE_ERROR
go_jsonparser	python_orjson	00{"0":2,"0":3}	2	PARSE_ERROR
go_jsonparser	python_rapidjson	00{"0":2,"0":3}	2	PARSE_ERROR
go_jsonparser	python_simplejson	00{"0":2,"0":3}	2	PARSE_ERROR
go_jsonparser	python_std	00{"0":2,"0":3}	2	PARSE_ERROR
go_jsonparser	python_ujson	00{"0":2,"0":3}	2	PARSE_ERROR
go_jsonparser	ruby_std	00{"0":2,"0":3}	2	PARSE_ERROR
go_jsonparser	rust_json	00{"0":2,"0":3}	2	PARSE_ERROR
go_jsonparser	rust_jsonc	00{"0":2,"0":3}	2	PARSE_ERROR
go_jsonparser	rust_serde	00{"0":2,"0":3}	2	PARSE_ERROR
go_jsonparser	sqlite3	00{"0":2,"0":3}	2	PARSE_ERROR
go_sonnet	java_gson	{00"0":2,"0":3}	PARSE_ERROR	3
go_sonnet	java_json	{"0":0e2,"0":3}	3	PARSE_ERROR
go_sonnet	postgres	{"0":2,"0":[3]}	[3]	PARSE_ERROR
go_sonnet	python_msgspec	{"000":2,"0":3}	3	PARSE_ERROR
go_sonnet	rust_jsonc	{"00":2,"0":3,}	PARSE_ERROR	3
go_std	java_gson	{00"0":2,"0":3}	PARSE_ERROR	3
go_std	java_json	{"0":0e2,"0":3}	3	PARSE_ERROR
go_std	js_json5	[{"0":2,"0":3}]	PARSE_ERROR	{"0":3}
go_std	js_v8	[{"0":2,"0":3}]	PARSE_ERROR	{"0":3}
go_std	postgres	{"0":2,"0":[3]}	[3]	PARSE_ERROR
go_std	python_msgspec	{"000":2,"0":3}	3	PARSE_ERROR
go_std	rust_jsonc	{"00":2,"0":3,}	PARSE_ERROR	3
java_gson	java_jackson	{00"0":2,"0":3}	3	PARSE_ERROR
java_gson	java_json	{00"0":2,"0":3}	3	PARSE_ERROR
java_gson	js_json5	{00"0":2,"0":3}	3	PARSE_ERROR
java_gson	js_v8	{00"0":2,"0":3}	3	PARSE_ERROR
java_gson	lua_cjson	{00"0":2,"0":3}	3	PARSE_ERROR
java_gson	php_std	{00"0":2,"0":3}	3	PARSE_ERROR
java_gson	postgres	{00"0":2,"0":3}	3	PARSE_ERROR
java_gson	python_msgspec	{00"0":2,"0":3}	3	PARSE_ERROR
java_gson	python_orjson	{00"0":2,"0":3}	3	PARSE_ERROR
java_gson	python_rapidjson	{00"0":2,"0":3}	3	PARSE_ERROR
java_gson	python_simplejson	{00"0":2,"0":3}	3	PARSE_ERROR
java_gson	python_std	{00"0":2,"0":3}	3	PARSE_ERROR
java_gson	python_ujson	{00"0":2,"0":3}	3	PARSE_ERROR
java_gson	ruby_std	{00"0":2,"0":3}	3	PARSE_ERROR
java_gson	rust_json	{00"0":2,"0":3}	3	PARSE_ERROR
java_gson	rust_jsonc	{00"0":2,"0":3}	3	PARSE_ERROR
java_gson	rust_serde	{00"0":2,"0":3}	3	PARSE_ERROR
java_gson	sqlite3	{00"0":2,"0":3}	3	PARSE_ERROR
java_jackson	java_json	{"0":0e2,"0":3}	3	PARSE_ERROR
java_jackson	js_json5	{"00":2,"0":3}}	3	PARSE_ERROR
java_jackson	js_v8	{"00":2,"0":3}}	3	PARSE_ERROR
java_jackson	lua_cjson	{"00":2,"0":3}}	3	PARSE_ERROR
java_jackson	php_std	{"00":2,"0":3}}	3	PARSE_ERROR
java_jackson	postgres	{"00":2,"0":3}}	3	PARSE_ERROR
java_jackson	python_msgspec	{"000":2,"0":3}	3	PARSE_ERROR
java_jackson	python_orjson	{"00":2,"0":3}}	3	PARSE_ERROR
java_jackson	python_rapidjson	{"00":2,"0":3}}	3	PARSE_ERROR
java_jackson	python_simplejson	{"00":2,"0":3}}	3	PARSE_ERROR
java_jackson	python_std	{"00":2,"0":3}}	3	PARSE_ERROR
java_jackson	python_ujson	{"00":2,"0":3}}	3	PARSE_ERROR
java_jackson	ruby_std	{"00":2,"0":3}}	3	PARSE_ERROR
java_jackson	rust_json	{"00":2,"0":3}}	3	PARSE_ERROR
java_jackson	rust_jsonc	{"00":2,"0":3}}	3	PARSE_ERROR
java_jackson	rust_serde	{"00":2,"0":3}}	3	PARSE_ERROR
java_jackson	sqlite3	{"00":2,"0":3}}	3	PARSE_ERROR
java_json	js_json5	{"00":02,"0":3}	3	PARSE_ERROR
java_json	js_v8	{"00":02,"0":3}	3	PARSE_ERROR
java_json	lua_cjson	{"00":e2,"0":3}	3	PARSE_ERROR
java_json	php_std	{"00":02,"0":3}	3	PARSE_ERROR
java_json	postgres	{"00":02,"0":3}	3	PARSE_ERROR
java_json	python_msgspec	{"000":2,"0":3}	3	PARSE_ERROR
java_json	python_orjson	{"00":02,"0":3}	3	PARSE_ERROR
java_json	python_rapidjson	{"00":02,"0":3}	3	PARSE_ERROR
java_json	python_simplejson	{"00":02,"0":3}	3	PARSE_ERROR
java_json	python_std	{"00":02,"0":3}	3	PARSE_ERROR
java_json	python_ujson	{"00":e2,"0":3}	3	PARSE_ERROR
java_json	ruby_std	{"00":02,"0":3}	3	PARSE_ERROR
java_json	rust_json	{"00":02,"0":3}	3	PARSE_ERROR
java_json	rust_jsonc	{"00":02,"0":3}	3	PARSE_ERROR
java_json	rust_serde	{"00":02,"0":3}	3	PARSE_ERROR
java_json	sqlite3	{"00":02,"0":3}	3	PARSE_ERROR
js_json5	js_v8	{"00":.2,"0":3}	3	PARSE_ERROR
js_json5	lua_cjson	{"00":02,"0":3}	PARSE_ERROR	3
js_json5	php_std	{"00":.2,"0":3}	3	PARSE_ERROR
js_json5	postgres	[{"0":2,"0":3}]	{"0":3}	PARSE_ERROR
js_json5	python_msgspec	[{"0":2,"0":3}]	{"0":3}	PARSE_ERROR
js_json5	python_orjson	[{"0":2,"0":3}]	{"0":3}	KEY_NOT_FOUND
js_json5	python_simplejson	[{"0":2,"0":3}]	{"0":3}	KEY_NOT_FOUND
js_json5	python_std	[{"0":2,"0":3}]	{"0":3}	KEY_NOT_FOUND
js_json5	python_ujson	{"00":02,"0":3}	PARSE_ERROR	3
js_json5	ruby_std	{"\00":2,"0":3}	PARSE_ERROR	3
js_json5	rust_json	[{"0":2,"0":3}]	{"0":3}	KEY_NOT_FOUND
js_json5	rust_jsonc	{"0":[2,]"0":3}	PARSE_ERROR	3
js_json5	rust_serde	[{"0":2,"0":3}]	{"0":3}	KEY_NOT_FOUND
js_json5	sqlite3	{"\00":2,"0":3}	PARSE_ERROR	3
js_v8	lua_cjson	{"00":02,"0":3}	PARSE_ERROR	3
js_v8	postgres	[{"0":2,"0":3}]	{"0":3}	PARSE_ERROR
js_v8	python_msgspec	[{"0":2,"0":3}]	{"0":3}	PARSE_ERROR
js_v8	python_orjson	[{"0":2,"0":3}]	{"0":3}	KEY_NOT_FOUND
js_v8	python_simplejson	[{"0":2,"0":3}]	{"0":3}	KEY_NOT_FOUND
js_v8	python_std	[{"0":2,"0":3}]	{"0":3}	KEY_NOT_FOUND
js_v8	python_ujson	{"00":02,"0":3}	PARSE_ERROR	3
js_v8	rust_json	\v{"0":2,"0":3}	PARSE_ERROR	3
js_v8	rust_jsonc	{"00":2,"0":3,}	PARSE_ERROR	3
js_v8	rust_serde	[{"0":2,"0":3}]	{"0":3}	KEY_NOT_FOUND
js_v8	sqlite3	{"00":.2,"0":3}	PARSE_ERROR	3
lua_cjson	php_std	{"00":02,"0":3}	3	PARSE_ERROR
lua_cjson	postgres	{"00":02,"0":3}	3	PARSE_ERROR
lua_cjson	python_msgspec	{"000":2,"0":3}	3	PARSE_ERROR
lua_cjson	python_orjson	{"00":02,"0":3}	3	PARSE_ERROR
lua_cjson	python_rapidjson	{"00":02,"0":3}	3	PARSE_ERROR
lua_cjson	python_simplejson	{"00":02,"0":3}	3	PARSE_ERROR
lua_cjson	python_std	{"00":02,"0":3}	3	PARSE_ERROR
lua_cjson	ruby_std	{"00":02,"0":3}	3	PARSE_ERROR
lua_cjson	rust_json	{"00":02,"0":3}	3	PARSE_ERROR
lua_cjson	rust_jsonc	{"00":02,"0":3}	3	PARSE_ERROR
lua_cjson	rust_serde	{"00":02,"0":3}	3	PARSE_ERROR
lua_cjson	sqlite3	{"00":02,"0":3}	3	PARSE_ERROR
php_std	postgres	[{"0":2,"0":3}]	[3]	PARSE_ERROR
php_std	python_msgspec	[{"0":2,"0":3}]	[3]	PARSE_ERROR
php_std	python_ujson	{"00":02,"0":3}	PARSE_ERROR	3
php_std	rust_json	\v{"0":2,"0":3}	PARSE_ERROR	3
php_std	rust_jsonc	{"00":2,"0":3,}	PARSE_ERROR	3
php_std	rust_serde	[{"0":2,"0":3}]	[3]	KEY_NOT_FOUND
php_std	sqlite3	{"00":.2,"0":3}	PARSE_ERROR	3
postgres	python_msgspec	{"000":2,"0":3}	3	PARSE_ERROR
postgres	python_orjson	{"0":2,"0":[3]}	PARSE_ERROR	[3]
postgres	python_rapidjson	{"0":2,"0":[3]}	PARSE_ERROR	[3]
postgres	python_simplejson	{"0":2,"0":[3]}	PARSE_ERROR	[3]
postgres	python_std	{"0":2,"0":[3]}	PARSE_ERROR	[3]
postgres	python_ujson	{"00":02,"0":3}	PARSE_ERROR	3
postgres	ruby_std	{"0":2,"0":[3]}	PARSE_ERROR	[3]
postgres	rust_json	{"0":2,"0":[3]}	PARSE_ERROR	[3]
postgres	rust_jsonc	{"0":2,"0":"3"}	"3"	KEY_NOT_FOUND
postgres	rust_serde	{"0":2,"0":[3]}	PARSE_ERROR	[3]
postgres	sqlite3	{"00":.2,"0":3}	PARSE_ERROR	3
python_msgspec	python_orjson	{"000":2,"0":3}	PARSE_ERROR	3
python_msgspec	python_rapidjson	{"000":2,"0":3}	PARSE_ERROR	3
python_msgspec	python_simplejson	{"000":2,"0":3}	PARSE_ERROR	3
python_msgspec	python_std	{"000":2,"0":3}	PARSE_ERROR	3
python_msgspec	python_ujson	{"000":2,"0":3}	PARSE_ERROR	3
python_msgspec	ruby_std	{"000":2,"0":3}	PARSE_ERROR	3
python_msgspec	rust_json	{"000":2,"0":3}	PARSE_ERROR	3
python_msgspec	rust_jsonc	{"000":2,"0":3}	PARSE_ERROR	3
python_msgspec	rust_serde	{"000":2,"0":3}	PARSE_ERROR	3
python_msgspec	sqlite3	{"000":2,"0":3}	PARSE_ERROR	3
python_orjson	python_ujson	{"00":02,"0":3}	PARSE_ERROR	3
python_orjson	rust_jsonc	{"00":2,"0":3,}	PARSE_ERROR	3
python_rapidjson	rust_jsonc	{"00":2,"0":3,}	PARSE_ERROR	3
python_simplejson	python_ujson	{"00":02,"0":3}	PARSE_ERROR	3
python_simplejson	rust_jsonc	{"00":2,"0":3,}	PARSE_ERROR	3
python_std	python_ujson	{"00":02,"0":3}	PARSE_ERROR	3
python_std	rust_jsonc	{"00":2,"0":3,}	PARSE_ERROR	3
python_ujson	ruby_std	{"00":02,"0":3}	3	PARSE_ERROR
python_ujson	rust_json	{"00":02,"0":3}	3	PARSE_ERROR
python_ujson	rust_jsonc	{"00":02,"0":3}	3	PARSE_ERROR
python_ujson	rust_serde	{"00":02,"0":3}	3	PARSE_ERROR
python_ujson	sqlite3	{"00":02,"0":3}	3	PARSE_ERROR
ruby_std	rust_jsonc	{"00":2,"0":3,}	PARSE_ERROR	3
rust_json	rust_jsonc	{"00":2,"0":3,}	PARSE_ERROR	3
rust_json	rust_serde	\v{"0":2,"0":3}	3	PARSE_ERROR
rust_jsonc	rust_serde	{"00":2,"0":3,}	3	PARSE_ERROR
rust_jsonc	sqlite3	{"0":[2,]"0":3}	3	PARSE_ERROR
rust_serde	sqlite3	{"00":.2,"0":3}	PARSE_ERROR	3
c_jansson	c_json_c	{"0":2,"0":3}\x00	3	PARSE_ERROR
c_jansson	cpp_poco	{"0":2,"0":3}\xff	PARSE_ERROR	3
c_jansson	cpp_yajl	{"0":2,"0":3}\x00	3	PARSE_ERROR
c_jansson	dotnet_std	{"0":2,"0":3}\x00	3	PARSE_ERROR
c_jansson	go_fastjson	{"0":2,"0":3}\x00	3	PARSE_ERROR
c_jansson	go_sonnet	{"0":2,"0":3}\x00	3	PARSE_ERROR
c_jansson	go_std	{"0":2,"0":3}\x00	3	PARSE_ERROR
c_jansson	java_gson	{"0":2,"0":3}\x00	3	PARSE_ERROR
c_jansson	php_std	{"0":2,"0":3}\x00	3	PARSE_ERROR
c_jansson	postgres	{"0":2,"0":3}\x00	3	PARSE_ERROR
c_jansson	ruby_std	{"0":2,"0":3}\x00	3	PARSE_ERROR
c_jansson	rust_json	{"0":2,"0":3}\x00	3	PARSE_ERROR
c_jansson	rust_serde	{"0":2,"0":3}\x00	3	PARSE_ERROR
c_jansson	sqlite3	{"0":2,"0":3}\x00	3	PARSE_ERROR
cpp_boost	cpp_yajl	{"0":2,"0":3}\x00	3	PARSE_ERROR
cpp_boost	dotnet_std	{"0":2,"0":3}\x00	3	PARSE_ERROR
cpp_boost	go_fastjson	{"0":2,"0":3}\x00	3	PARSE_ERROR
cpp_boost	go_sonnet	{"0":2,"0":3}\x00	3	PARSE_ERROR
cpp_boost	go_std	{"0":2,"0":3}\x00	3	PARSE_ERROR
cpp_boost	java_gson	{"0":2,"0":3}\x00	3	PARSE_ERROR
cpp_boost	php_std	{"0":2,"0":3}\x00	3	PARSE_ERROR
cpp_boost	postgres	{"0":2,"0":3}\x00	3	PARSE_ERROR
cpp_boost	ruby_std	{"0":2,"0":3}\x00	3	PARSE_ERROR
cpp_boost	rust_json	{"0":2,"0":3}\x00	3	PARSE_ERROR
cpp_boost	rust_jsonc	{"0":2,"0":3}\x00	3	PARSE_ERROR
cpp_boost	rust_serde	{"0":2,"0":3}\x00	3	PARSE_ERROR
cpp_boost	sqlite3	{"0":2,"0":3}\x00	3	PARSE_ERROR
cpp_nlohmann	cpp_yajl	{"0":2,"0":3}\x00	3	PARSE_ERROR
cpp_nlohmann	dotnet_std	{"0":2,"0":3}\x00	3	PARSE_ERROR
cpp_nlohmann	go_fastjson	{"0":2,"0":3}\x00	3	PARSE_ERROR
cpp_nlohmann	go_sonnet	{"0":2,"0":3}\x00	3	PARSE_ERROR
cpp_nlohmann	go_std	{"0":2,"0":3}\x00	3	PARSE_ERROR
cpp_nlohmann	java_gson	{"0":2,"0":3}\x00	3	PARSE_ERROR
cpp_nlohmann	php_std	{"0":2,"0":3}\x00	3	PARSE_ERROR
cpp_nlohmann	postgres	{"0":2,"0":3}\x00	3	PARSE_ERROR
cpp_nlohmann	ruby_std	{"0":2,"0":3}\x00	3	PARSE_ERROR
cpp_nlohmann	rust_json	{"0":2,"0":3}\x00	3	PARSE_ERROR
cpp_nlohmann	rust_jsonc	{"0":2,"0":3}\x00	3	PARSE_ERROR
cpp_nlohmann	rust_serde	{"0":2,"0":3}\x00	3	PARSE_ERROR
cpp_nlohmann	sqlite3	{"0":2,"0":3}\x00	3	PARSE_ERROR
cpp_poco	cpp_yajl	{"0":2,"0":3}\x00	3	PARSE_ERROR
cpp_poco	dotnet_newtonsoft	{"0":2,"0":3}\xff	3	PARSE_ERROR
cpp_poco	dotnet_std	{"0":2,"0":3}\x00	3	PARSE_ERROR
cpp_poco	go_fastjson	{"0":2,"0":3}\x00	3	PARSE_ERROR
cpp_poco	go_goccy	{"0":2,"0":3}\xff	3	PARSE_ERROR
cpp_poco	go_json_iterator	{"0":2,"0":3}\xff	3	PARSE_ERROR
cpp_poco	go_sonnet	{"0":2,"0":3}\x00	3	PARSE_ERROR
cpp_poco	go_std	{"0":2,"0":3}\x00	3	PARSE_ERROR
cpp_poco	java_gson	{"0":2,"0":3}\x00	3	PARSE_ERROR
cpp_poco	js_json5	{"0":2,"0":3}\xff	3	PARSE_ERROR
cpp_poco	js_v8	{"0":2,"0":3}\xff	3	PARSE_ERROR
cpp_poco	lua_cjson	{"0":2,"0":3}\xff	3	PARSE_ERROR
cpp_poco	php_std	{"0":2,"0":3}\x00	3	PARSE_ERROR
cpp_poco	postgres	{"0":2,"0":3}\x00	3	PARSE_ERROR
cpp_poco	python_orjson	{"0":2,"0":3}\xff	3	PARSE_ERROR
cpp_poco	python_rapidjson	{"0":2,"0":3}\xff	3	PARSE_ERROR
cpp_poco	python_simplejson	{"0":2,"0":3}\xff	3	PARSE_ERROR
cpp_poco	python_std	{"0":2,"0":3}\xff	3	PARSE_ERROR
cpp_poco	python_ujson	{"0":2,"0":3}\xff	3	PARSE_ERROR
cpp_poco	ruby_std	{"0":2,"0":3}\x00	3	PARSE_ERROR
cpp_poco	rust_json	{"0":2,"0":3}\x00	3	PARSE_ERROR
cpp_poco	rust_serde	{"0":2,"0":3}\x00	3	PARSE_ERROR
cpp_poco	sqlite3	{"0":2,"0":3}\x00	3	PARSE_ERROR
dotnet_std	java_jackson	{"\x800":2,"0":3}	3	PARSE_ERROR
dotnet_std	php_std	{"\x800":2,"0":3}	3	PARSE_ERROR
dotnet_std	postgres	{"\x800":2,"0":3}	3	PARSE_ERROR
dotnet_std	python_orjson	{"\x800":2,"0":3}	3	PARSE_ERROR
dotnet_std	python_rapidjson	{"\x800":2,"0":3}	3	PARSE_ERROR
dotnet_std	python_simplejson	{"\x800":2,"0":3}	3	PARSE_ERROR
dotnet_std	python_std	{"\x800":2,"0":3}	3	PARSE_ERROR
dotnet_std	python_ujson	{"\x800":2,"0":3}	3	PARSE_ERROR
dotnet_std	rust_serde	{"\x800":2,"0":3}	3	PARSE_ERROR
dotnet_std	sqlite3	{"\x800":2,"0":3}	3	PARSE_ERROR
go_goccy	python_ujson	{"\x800":2,"0":3}	3	PARSE_ERROR
go_json_iterator	go_sonnet	{"0":2,"0":3}\x00	3	PARSE_ERROR
go_json_iterator	go_std	{"0":2,"0":3}\x00	3	PARSE_ERROR
go_json_iterator	java_jackson	{"\x800":2,"0":3}	3	PARSE_ERROR
go_json_iterator	php_std	{"\x800":2,"0":3}	3	PARSE_ERROR
go_json_iterator	python_orjson	{"\x800":2,"0":3}	3	PARSE_ERROR
go_json_iterator	python_rapidjson	{"\x800":2,"0":3}	3	PARSE_ERROR
go_json_iterator	python_simplejson	{"\x800":2,"0":3}	3	PARSE_ERROR
go_json_iterator	python_std	{"\x800":2,"0":3}	3	PARSE_ERROR
go_json_iterator	python_ujson	{"\x800":2,"0":3}	3	PARSE_ERROR
go_json_iterator	ruby_std	{"0":2,"0":3}\x00	3	PARSE_ERROR
go_json_iterator	rust_json	{"0":2,"0":3}\x00	3	PARSE_ERROR
go_json_iterator	rust_serde	{"\x800":2,"0":3}	3	PARSE_ERROR
go_json_iterator	sqlite3	{"\x800":2,"0":3}	3	PARSE_ERROR
go_sonnet	java_jackson	{"\x800":2,"0":3}	3	PARSE_ERROR
go_sonnet	php_std	{"\x800":2,"0":3}	3	PARSE_ERROR
go_sonnet	python_orjson	{"\x800":2,"0":3}	3	PARSE_ERROR
go_sonnet	python_rapidjson	{"\x800":2,"0":3}	3	PARSE_ERROR
go_sonnet	python_simplejson	{"\x800":2,"0":3}	3	PARSE_ERROR
go_sonnet	python_std	{"\x800":2,"0":3}	3	PARSE_ERROR
go_sonnet	python_ujson	{"\x800":2,"0":3}	3	PARSE_ERROR
go_sonnet	rust_serde	{"\x800":2,"0":3}	3	PARSE_ERROR
go_sonnet	sqlite3	{"\x800":2,"0":3}	3	PARSE_ERROR
go_std	java_jackson	{"\x800":2,"0":3}	3	PARSE_ERROR
go_std	php_std	{"\x800":2,"0":3}	3	PARSE_ERROR
go_std	python_orjson	{"\x800":2,"0":3}	3	PARSE_ERROR
go_std	python_rapidjson	{"\x800":2,"0":3}	3	PARSE_ERROR
go_std	python_simplejson	{"\x800":2,"0":3}	3	PARSE_ERROR
go_std	python_std	{"\x800":2,"0":3}	3	PARSE_ERROR
go_std	python_ujson	{"\x800":2,"0":3}	3	PARSE_ERROR
go_std	rust_serde	{"\x800":2,"0":3}	3	PARSE_ERROR
go_std	sqlite3	{"\x800":2,"0":3}	3	PARSE_ERROR
js_v8	php_std	{"\x800":2,"0":3}	3	PARSE_ERROR
lua_cjson	python_ujson	{"\x800":2,"0":3}	3	PARSE_ERROR
php_std	python_orjson	{"0":2,"0":3}\x00	PARSE_ERROR	3
php_std	python_rapidjson	{"0":2,"0":3}\x00	PARSE_ERROR	3
php_std	python_simplejson	{"0":2,"0":3}\x00	PARSE_ERROR	3
php_std	python_std	{"0":2,"0":3}\x00	PARSE_ERROR	3
python_orjson	ruby_std	{"0":2,"0":3}\x00	3	PARSE_ERROR
python_orjson	rust_json	{"0":2,"0":3}\x00	3	PARSE_ERROR
python_orjson	rust_serde	{"0":2,"0":3}\x00	3	PARSE_ERROR
python_orjson	sqlite3	{"0":2,"0":3}\x00	3	PARSE_ERROR
python_rapidjson	ruby_std	{"0":2,"0":3}\x00	3	PARSE_ERROR
python_rapidjson	rust_json	{"0":2,"0":3}\x00	3	PARSE_ERROR
python_rapidjson	rust_serde	{"0":2,"0":3}\x00	3	PARSE_ERROR
python_rapidjson	sqlite3	{"0":2,"0":3}\x00	3	PARSE_ERROR
python_simplejson	ruby_std	{"0":2,"0":3}\x00	3	PARSE_ERROR
python_simplejson	rust_json	{"0":2,"0":3}\x00	3	PARSE_ERROR
python_simplejson	rust_serde	{"0":2,"0":3}\x00	3	PARSE_ERROR
python_simplejson	sqlite3	{"0":2,"0":3}\x00	3	PARSE_ERROR
python_std	ruby_std	{"0":2,"0":3}\x00	3	PARSE_ERROR
python_std	rust_json	{"0":2,"0":3}\x00	3	PARSE_ERROR
python_std	rust_serde	{"0":2,"0":3}\x00	3	PARSE_ERROR
python_std	sqlite3	{"0":2,"0":3}\x00	3	PARSE_ERROR
ruby_std	sqlite3	{"\x800":2,"0":3}	3	PARSE_ERROR
rust_json	sqlite3	{"\x800":2,"0":3}	3	PARSE_ERROR
c_jansson	dotnet_newtonsoft	{"0":2}\x00,"0":3}	2	PARSE_ERROR
c_jansson	js_json5	{"0":2}\x00,"0":3}	2	PARSE_ERROR
c_jansson	js_v8	{"0":2}\x00,"0":3}	2	PARSE_ERROR
c_jansson	python_orjson	{"0":2}\x00,"0":3}	2	PARSE_ERROR
c_jansson	python_simplejson	{"0":2}\x00,"0":3}	2	PARSE_ERROR
c_jansson	python_std	{"0":2}\x00,"0":3}	2	PARSE_ERROR
c_jansson	python_ujson	{"0":2}\x00,"0":3}	2	PARSE_ERROR
cpp_boost	dotnet_newtonsoft	{"0":2}\x00,"0":3}	2	PARSE_ERROR
cpp_boost	js_json5	{"0":2}\x00,"0":3}	2	PARSE_ERROR
cpp_boost	js_v8	{"0":2}\x00,"0":3}	2	PARSE_ERROR
cpp_boost	python_orjson	{"0":2}\x00,"0":3}	2	PARSE_ERROR
cpp_boost	python_simplejson	{"0":2}\x00,"0":3}	2	PARSE_ERROR
cpp_boost	python_std	{"0":2}\x00,"0":3}	2	PARSE_ERROR
cpp_boost	python_ujson	{"0":2}\x00,"0":3}	2	PARSE_ERROR
cpp_nlohmann	dotnet_newtonsoft	{"0":2}\x00,"0":3}	2	PARSE_ERROR
cpp_nlohmann	js_json5	{"0":2}\x00,"0":3}	2	PARSE_ERROR
cpp_nlohmann	js_v8	{"0":2}\x00,"0":3}	2	PARSE_ERROR
cpp_nlohmann	python_orjson	{"0":2}\x00,"0":3}	2	PARSE_ERROR
cpp_nlohmann	python_simplejson	{"0":2}\x00,"0":3}	2	PARSE_ERROR
cpp_nlohmann	python_std	{"0":2}\x00,"0":3}	2	PARSE_ERROR
cpp_nlohmann	python_ujson	{"0":2}\x00,"0":3}	2	PARSE_ERROR
js_json5	python_rapidjson	{"0":2}\x00,"0":3}	PARSE_ERROR	2
js_v8	python_rapidjson	{"0":2}\x00,"0":3}	PARSE_ERROR	2
python_orjson	python_rapidjson	{"0":2}\x00,"0":3}	PARSE_ERROR	2
python_rapidjson	python_simplejson	{"0":2}\x00,"0":3}	2	PARSE_ERROR
python_rapidjson	python_std	{"0":2}\x00,"0":3}	2	PARSE_ERROR
python_rapidjson	python_ujson	{"0":2}\x00,"0":3}	2	PARSE_ERROR
go_goccy	lua_cjson	{"\ud8000":2,"0":3}	3	PARSE_ERROR
go_json_iterator	lua_cjson	{"\ud8000":2,"0":3}	3	PARSE_ERROR
go_sonnet	go_std	\t\x89{"0":2,"0":3}	3	PARSE_ERROR
go_sonnet	js_json5	\t\x89{"0":2,"0":3}	3	PARSE_ERROR
go_sonnet	js_v8	\t\x89{"0":2,"0":3}	3	PARSE_ERROR
go_sonnet	lua_cjson	{"\ud8000":2,"0":3}	3	PARSE_ERROR
go_sonnet	ruby_std	{"\ud8000":2,"0":3}	3	PARSE_ERROR
go_sonnet	rust_json	{"\ud8000":2,"0":3}	3	PARSE_ERROR
go_std	lua_cjson	{"\ud8000":2,"0":3}	3	PARSE_ERROR
go_std	ruby_std	{"\ud8000":2,"0":3}	3	PARSE_ERROR
go_std	rust_json	{"\ud8000":2,"0":3}	3	PARSE_ERROR
python_orjson	python_simplejson	{"\ud8000":2,"0":3}	PARSE_ERROR	3
python_orjson	python_std	{"\ud8000":2,"0":3}	PARSE_ERROR	3
c_jansson	python_rapidjson	{"0":2,"0":3}\x00\x80	3	PARSE_ERROR
cpp_boost	python_rapidjson	{"0":2,"0":3}\x00\x80	3	PARSE_ERROR
cpp_nlohmann	python_rapidjson	{"0":2,"0":3}\x00\x80	3	PARSE_ERROR
cpp_boost	cpp_poco	{"0":2,"0":170141183460469231731687303715884105727}	1.70141e+38	PARSE_ERROR
cpp_nlohmann	cpp_poco	{"0":2,"0":170141183460469231731687303715884105727}	1.70141e+38	PARSE_ERROR
