go_gjson	go_jsonparser	{"0"\x002,"0":3}	2	3
c_frozen	dotnet_newtonsoft	{"q":2\x00,"q":3}	2	3
c_frozen	java_gson	{"q":2\x00,"q":3}	2	3
c_mjson	dotnet_newtonsoft	{"0":2\x00,"0":3}	2	3
c_mjson	java_gson	{"0":2\x00,"0":3}	2	3
cpp_mongoose	dotnet_newtonsoft	{"0":2\x00,"0":3}	2	3
cpp_mongoose	java_gson	{"0":2\x00,"0":3}	2	3
dotnet_newtonsoft	go_gjson	{"0"\x00:2,"0":3}	3	2
dotnet_newtonsoft	go_jsonparser	{"0":2,\x00"0":3}	3	2
dotnet_newtonsoft	java_gson	{"0":2,\x00"0":3}	3	2
go_gjson	go_gojay	{"q"\x00:2,"q":3}	2	3
go_gjson	java_gson	{"0":\x002,"0":3}	2	3
c_frozen	go_goccy	{"q":2,"\\x00q":3}	2	3
c_frozen	go_gojay	{"q":2,"q"\x00":3}	2	3
c_mjson	go_goccy	{"q":2,"\\x00q":3}	2	3
c_mjson	go_gojay	{"q":2,"q"\x00":3}	2	3
cpp_mongoose	go_goccy	{"q":2,"\\x00q":3}	2	3
cpp_mongoose	go_gojay	{"q":2,"q"\x00":3}	2	3
go_fastjson	go_gjson	{"0\\x00":2,"0":3}	3	2
go_fastjson	go_goccy	{"q":2,"\\x00q":3}	2	3
go_gjson	go_goccy	{"q":2,"\\x00q":3}	2	3
go_gjson	js_json5	{"0\\x00":2,"0":3}	2	3
go_goccy	go_jsonparser	{"q":2,"\\x00q":3}	3	2
go_goccy	js_json5	{"q":2,"\\x00q":3}	3	2
go_gojay	go_jsonparser	{"q":2,"q"\x00":3}	3	2
c_cjson	c_frozen	{"q\u0000":2,"q":3}	2	3
c_cjson	c_jansson	{"0":2,"0":3}\x00"\	2	3
c_cjson	c_jsmn	{"0\u0000":2,"0":3}	2	3
c_cjson	c_json_c	{"0\u0000":2,"0":3}	2	3
c_cjson	c_json_parser	{"0\u0000":2,"0":3}	2	3
c_cjson	c_mjson	{"0\u0000":2,"0":3}	2	3
c_cjson	cpp_boost	{"0\u0000":2,"0":3}	2	3
c_cjson	cpp_mongoose	{"0\u0000":2,"0":3}	2	3
c_cjson	cpp_nlohmann	{"0\u0000":2,"0":3}	2	3
c_cjson	cpp_poco	{"0\u0000":2,"0":3}	2	3
c_cjson	cpp_yajl	{"0\u0000":2,"0":3}	2	3
c_cjson	dotnet_newtonsoft	{"0\u0000":2,"0":3}	2	3
c_cjson	dotnet_std	{"0\u0000":2,"0":3}	2	3
c_cjson	go_fastjson	{"0\u0000":2,"0":3}	2	3
c_cjson	go_gjson	{"0\u0000":2,"0":3}	2	3
c_cjson	go_goccy	{"0\u0000":2,"0":3}	2	3
c_cjson	go_gojay	{"q\u0000":2,"q":3}	2	3
c_cjson	go_json_iterator	{"0\u0000":2,"0":3}	2	3
c_cjson	go_jsonparser	{"0\u0000":2,"0":3}	2	3
c_cjson	go_sonnet	{"0\u0000":2,"0":3}	2	3
c_cjson	go_std	{"0\u0000":2,"0":3}	2	3
c_cjson	java_gson	{"0\u0000":2,"0":3}	2	3
c_cjson	java_jackson	{"0\u0000":2,"0":3}	2	3
c_cjson	java_json	{"0\u0000":2,"0":3}	2	3
c_cjson	js_json5	{"0\u0000":2,"0":3}	2	3
c_cjson	js_v8	{"0\u0000":2,"0":3}	2	3
c_cjson	lua_cjson	{"0\u0000":2,"0":3}	2	3
c_cjson	php_std	{"0\u0000":2,"0":3}	2	3
c_cjson	python_msgspec	{"q\u0000":2,"q":3}	2	3
c_cjson	python_orjson	{"0\u0000":2,"0":3}	2	3
c_cjson	python_rapidjson	{"0\u0000":2,"0":3}	2	3
c_cjson	python_simplejson	{"0\u0000":2,"0":3}	2	3
c_cjson	python_std	{"0\u0000":2,"0":3}	2	3
c_cjson	python_ujson	{"0\u0000":2,"0":3}	2	3
c_cjson	ruby_std	{"0\u0000":2,"0":3}	2	3
c_cjson	rust_json	{"0\u0000":2,"0":3}	2	3
c_cjson	rust_jsonc	{"0\u0000":2,"0":3}	2	3
c_cjson	rust_serde	{"0\u0000":2,"0":3}	2	3
c_frozen	c_jsmn	{"q":2\u0000,"q":3}	2	3
c_frozen	c_json_c	{"q":2,"q\u0000":3}	2	3
c_frozen	cpp_poco	{"q":2,"q\u0000":3}	2	3
c_frozen	sqlite3	{"q\u0000":2,"q":3}	3	2
c_jansson	go_gjson	{"0":2,"0":3}\x00"\	3	2
c_jsmn	c_json_c	{"0":2,"0\u0000":3}	2	3
c_jsmn	c_mjson	{"0":2\u0000,"0":3}	3	2
c_jsmn	cpp_mongoose	{"0":2\u0000,"0":3}	3	2
c_jsmn	cpp_poco	{"0":2,"0\u0000":3}	2	3
c_jsmn	sqlite3	{"0\u0000":2,"0":3}	3	2
c_json_c	c_json_parser	{"0":2,"0\u0000":3}	3	2
c_json_c	c_mjson	{"0":2,"0\u0000":3}	3	2
c_json_c	cpp_boost	{"0":2,"0\u0000":3}	3	2
c_json_c	cpp_mongoose	{"0":2,"0\u0000":3}	3	2
c_json_c	cpp_nlohmann	{"0":2,"0\u0000":3}	3	2
c_json_c	cpp_yajl	{"0":2,"0\u0000":3}	3	2
c_json_c	dotnet_newtonsoft	{"0":2,"0\u0000":3}	3	2
c_json_c	dotnet_std	{"0":2,"0\u0000":3}	3	2
c_json_c	go_fastjson	{"0":2,"0\u0000":3}	3	2
c_json_c	go_gjson	{"0":2,"0\u0000":3}	3	2
c_json_c	go_goccy	{"0":2,"0\u0000":3}	3	2
c_json_c	go_gojay	{"q":2,"q\u0000":3}	3	2
c_json_c	go_json_iterator	{"0":2,"0\u0000":3}	3	2
c_json_c	go_jsonparser	{"0":2,"0\u0000":3}	3	2
c_json_c	go_sonnet	{"0":2,"0\u0000":3}	3	2
c_json_c	go_std	{"0":2,"0\u0000":3}	3	2
c_json_c	java_gson	{"0":2,"0\u0000":3}	3	2
c_json_c	java_jackson	{"0":2,"0\u0000":3}	3	2
c_json_c	java_json	{"0":2,"0\u0000":3}	3	2
c_json_c	js_json5	{"0":2,"0\u0000":3}	3	2
c_json_c	js_v8	{"0":2,"0\u0000":3}	3	2
c_json_c	lua_cjson	{"0":2,"0\u0000":3}	3	2
c_json_c	php_std	{"0":2,"0\u0000":3}	3	2
c_json_c	python_msgspec	{"q":2,"q\u0000":3}	3	2
c_json_c	python_orjson	{"0":2,"0\u0000":3}	3	2
c_json_c	python_rapidjson	{"0":2,"0\u0000":3}	3	2
c_json_c	python_simplejson	{"0":2,"0\u0000":3}	3	2
c_json_c	python_std	{"0":2,"0\u0000":3}	3	2
c_json_c	python_ujson	{"0":2,"0\u0000":3}	3	2
c_json_c	ruby_std	{"0":2,"0\u0000":3}	3	2
c_json_c	rust_json	{"0":2,"0\u0000":3}	3	2
c_json_c	rust_jsonc	{"0":2,"0\u0000":3}	3	2
c_json_c	rust_serde	{"0":2,"0\u0000":3}	3	2
c_json_c	sqlite3	{"0\u0000":2,"0":3}	3	2
c_json_parser	cpp_poco	{"0":2,"0\u0000":3}	2	3
c_json_parser	sqlite3	{"0\u0000":2,"0":3}	3	2
c_mjson	cpp_poco	{"0":2,"0\u0000":3}	2	3
c_mjson	sqlite3	{"0\u0000":2,"0":3}	3	2
cpp_boost	cpp_poco	{"0":2,"0\u0000":3}	2	3
cpp_boost	go_gjson	{"0":2,"0":3}\x00"\	3	2
cpp_boost	sqlite3	{"0\u0000":2,"0":3}	3	2
cpp_mongoose	cpp_poco	{"0":2,"0\u0000":3}	2	3
cpp_mongoose	sqlite3	{"0\u0000":2,"0":3}	3	2
cpp_nlohmann	cpp_poco	{"0":2,"0\u0000":3}	2	3
cpp_nlohmann	go_gjson	{"0":2,"0":3}\x00"\	3	2
cpp_nlohmann	sqlite3	{"0\u0000":2,"0":3}	3	2
cpp_poco	cpp_yajl	{"0":2,"0\u0000":3}	3	2
cpp_poco	dotnet_newtonsoft	{"0":2,"0\u0000":3}	3	2
cpp_poco	dotnet_std	{"0":2,"0\u0000":3}	3	2
cpp_poco	go_fastjson	{"0":2,"0\u0000":3}	3	2
cpp_poco	go_gjson	{"0":2,"0\u0000":3}	3	2
cpp_poco	go_goccy	{"0":2,"0\u0000":3}	3	2
cpp_poco	go_gojay	{"q":2,"q\u0000":3}	3	2
cpp_poco	go_json_iterator	{"0":2,"0\u0000":3}	3	2
cpp_poco	go_jsonparser	{"0":2,"0\u0000":3}	3	2
cpp_poco	go_sonnet	{"0":2,"0\u0000":3}	3	2
cpp_poco	go_std	{"0":2,"0\u0000":3}	3	2
cpp_poco	java_gson	{"0":2,"0\u0000":3}	3	2
cpp_poco	java_jackson	{"0":2,"0\u0000":3}	3	2
cpp_poco	java_json	{"0":2,"0\u0000":3}	3	2
cpp_poco	js_json5	{"0":2,"0\u0000":3}	3	2
cpp_poco	js_v8	{"0":2,"0\u0000":3}	3	2
cpp_poco	lua_cjson	{"0":2,"0\u0000":3}	3	2
cpp_poco	php_std	{"0":2,"0\u0000":3}	3	2
cpp_poco	python_msgspec	{"q":2,"q\u0000":3}	3	2
cpp_poco	python_orjson	{"0":2,"0\u0000":3}	3	2
cpp_poco	python_rapidjson	{"0":2,"0\u0000":3}	3	2
cpp_poco	python_simplejson	{"0":2,"0\u0000":3}	3	2
cpp_poco	python_std	{"0":2,"0\u0000":3}	3	2
cpp_poco	python_ujson	{"0":2,"0\u0000":3}	3	2
cpp_poco	ruby_std	{"0":2,"0\u0000":3}	3	2
cpp_poco	rust_json	{"0":2,"0\u0000":3}	3	2
cpp_poco	rust_jsonc	{"0":2,"0\u0000":3}	3	2
cpp_poco	rust_serde	{"0":2,"0\u0000":3}	3	2
cpp_poco	sqlite3	{"0\u0000":2,"0":3}	3	2
cpp_yajl	sqlite3	{"0\u0000":2,"0":3}	3	2
dotnet_newtonsoft	sqlite3	{"0\u0000":2,"0":3}	3	2
dotnet_std	sqlite3	{"0\u0000":2,"0":3}	3	2
go_fastjson	sqlite3	{"0\u0000":2,"0":3}	3	2
go_gjson	lua_cjson	{"0":2,"0":3}\x00"\	2	3
go_gjson	python_rapidjson	{"0":2,"0":3}\x00"\	2	3
go_gjson	sqlite3	{"0\u0000":2,"0":3}	3	2
go_goccy	sqlite3	{"0\u0000":2,"0":3}	3	2
go_gojay	sqlite3	{"q\u0000":2,"q":3}	3	2
go_json_iterator	sqlite3	{"0\u0000":2,"0":3}	3	2
go_jsonparser	sqlite3	{"0\u0000":2,"0":3}	3	2
go_sonnet	sqlite3	{"0\u0000":2,"0":3}	3	2
go_std	sqlite3	{"0\u0000":2,"0":3}	3	2
java_gson	sqlite3	{"0\u0000":2,"0":3}	3	2
java_jackson	sqlite3	{"0\u0000":2,"0":3}	3	2
java_json	sqlite3	{"0\u0000":2,"0":3}	3	2
js_json5	sqlite3	{"0\u0000":2,"0":3}	3	2
js_v8	sqlite3	{"0\u0000":2,"0":3}	3	2
lua_cjson	sqlite3	{"0\u0000":2,"0":3}	3	2
php_std	sqlite3	{"0\u0000":2,"0":3}	3	2
python_msgspec	sqlite3	{"q\u0000":2,"q":3}	3	2
python_orjson	sqlite3	{"0\u0000":2,"0":3}	3	2
python_rapidjson	sqlite3	{"0\u0000":2,"0":3}	3	2
python_simplejson	sqlite3	{"0\u0000":2,"0":3}	3	2
python_std	sqlite3	{"0\u0000":2,"0":3}	3	2
python_ujson	sqlite3	{"0\u0000":2,"0":3}	3	2
ruby_std	sqlite3	{"0\u0000":2,"0":3}	3	2
rust_json	sqlite3	{"0\u0000":2,"0":3}	3	2
rust_jsonc	sqlite3	{"0\u0000":2,"0":3}	3	2
rust_serde	sqlite3	{"0\u0000":2,"0":3}	3	2
c_frozen	c_mjson	{"q":2,"q":3\x00{"q":3}}	3	2
c_frozen	cpp_mongoose	{"q":2,"q":3\x00{"q":3}}	3	2
c_frozen	go_gjson	{"q":2,"q":3\x00{"q":3}}	3	2
c_frozen	go_jsonparser	{"q":2,"q":3\x00{"q":3}}	3	2
c_jansson	go_goccy	{"0q":1,"q":2,"Q":3}\x00"	2	3
c_jansson	go_json_iterator	{"0q":1,"q":2,"Q":3}\x00"	2	3
c_mjson	go_gjson	{"\u0071":2,"q":3{"\x00q":3}}	3	2
cpp_mongoose	go_gjson	{"\u0071":2,"q":3{"\x00q":3}}	3	2
