c_frozen          c_jsmn           	{"q":2!,"q":3}	2	3
c_frozen          c_jsmn           	{"q":2","q":3}	2	3
c_frozen          c_jsmn           	{"q":2#,"q":3}	2	3
c_frozen          c_jsmn           	{"q":2$,"q":3}	2	3
c_frozen          c_jsmn           	{"q":2%,"q":3}	2	3
c_frozen          c_jsmn           	{"q":2&,"q":3}	2	3
c_frozen          c_jsmn           	{"q":2',"q":3}	2	3
c_frozen          c_jsmn           	{"q":2(,"q":3}	2	3
c_frozen          c_jsmn           	{"😀":2!,"😀":3}	2	3
c_frozen          c_jsmn           	{"😀":2","😀":3}	2	3
c_frozen          c_jsmn           	{"😀":2#,"😀":3}	2	3
c_frozen          c_jsmn           	{"😀":2$,"😀":3}	2	3
c_frozen          c_jsmn           	{"😀":2%,"😀":3}	2	3
c_frozen          c_jsmn           	{"😀":2&,"😀":3}	2	3
c_frozen          c_jsmn           	{"😀":2',"😀":3}	2	3
c_frozen          c_jsmn           	{"😀":2(,"😀":3}	2	3
c_frozen          c_json_parser    	{"q":2,"\q":3}	2	3
c_frozen          dotnet_newtonsoft	{"q":2,"q"\x00:3}	2	3
c_frozen          dotnet_newtonsoft	{"q":2,\x00"q":3}	2	3
c_frozen          dotnet_newtonsoft	{"q":2\x00,"q":3}	2	3
c_frozen          dotnet_newtonsoft	{"😀":2,"😀"\x00:3}	2	3
c_frozen          dotnet_newtonsoft	{"😀":2,\x00"😀":3}	2	3
c_frozen          dotnet_newtonsoft	{"😀":2\x00,"😀":3}	2	3
c_frozen          dotnet_newtonsoft	{"😀":2,"😀"\f\x00:3}	2	3
c_frozen          dotnet_newtonsoft	{"😀":2,"😀"\r\x00:3}	2	3
c_frozen          dotnet_newtonsoft	{"😀":2,"😀"\v\x00:3}	2	3
c_frozen          go_goccy         	{"q":2,"\#q":3}	2	3
c_frozen          go_goccy         	{"q":2,"\0q":3}	2	3
c_frozen          go_goccy         	{"q":2,"\]q":3}	2	3
c_frozen          go_goccy         	{"q":2,"\cq":3}	2	3
c_frozen          go_goccy         	{"q":2,"\gq":3}	2	3
c_frozen          go_goccy         	{"q":2,"\oq":3}	2	3
c_frozen          go_goccy         	{"q":2,"\sq":3}	2	3
c_frozen          go_goccy         	{"q":2,"\vq":3}	2	3
c_frozen          go_gojay         	{"q":2,"q"!:3}	2	3
c_frozen          go_gojay         	{"q":2,"q"":3}	2	3
c_frozen          go_gojay         	{"q":2,"q"#:3}	2	3
c_frozen          go_gojay         	{"q":2,"q"$:3}	2	3
c_frozen          go_gojay         	{"q":2,"q"%:3}	2	3
c_frozen          go_gojay         	{"q":2,"q"&:3}	2	3
c_frozen          go_gojay         	{"q":2,"q"':3}	2	3
c_frozen          java_gson        	{"q":2,"q"=3}	2	3
c_frozen          java_gson        	{"q":2;"q":3}	2	3
c_frozen          java_gson        	{"q":2!,"q":3}	2	3
c_frozen          java_gson        	{"q":2!;"q":3}	2	3
c_frozen          java_gson        	{"q":2","q":3}	2	3
c_frozen          java_gson        	{"q":2";"q":3}	2	3
c_frozen          java_gson        	{"q":2$,"q":3}	2	3
c_frozen          java_gson        	{"😀":2,"😀"=3}	2	3
c_frozen          java_gson        	{"😀":2;"😀":3}	2	3
c_frozen          java_gson        	{"😀":2!,"😀":3}	2	3
c_frozen          java_gson        	{"😀":2!;"😀":3}	2	3
c_frozen          java_gson        	{"😀":2","😀":3}	2	3
c_frozen          java_gson        	{"😀":2";"😀":3}	2	3
c_frozen          java_gson        	{"😀":2$,"😀":3}	2	3
c_frozen          java_jackson     	{"q":2,"\xffq":3}	2	3
c_frozen          java_jackson     	{"q":2,"\xc1\xb1":3}	2	3
c_frozen          java_jackson     	{"q":2,"\xff\xffq":3}	2	3
c_frozen          js_json5         	{"q":2,"\q":3}	2	3
c_frozen          js_json5         	{"q":2,"\\rq":3}	2	3
c_frozen          js_json5         	{"q":2,"q"\xc2\xa0:3}	2	3
c_frozen          js_json5         	{"q":2,\xc2\xa0"q":3}	2	3
c_frozen          js_json5         	{"q":2\xc2\xa0,"q":3}	2	3
c_frozen          js_json5         	{"😀":2,"\😀":3}	2	3
c_frozen          js_json5         	{"😀":2,"\\r😀":3}	2	3
c_frozen          js_json5         	{"😀":2,"😀"\xc2\xa0:3}	2	3
c_frozen          js_json5         	{"😀":2,\xc2\xa0"😀":3}	2	3
c_frozen          js_json5         	{"😀":2\xc2\xa0,"😀":3}	2	3
c_frozen          ruby_std         	{"q":2,"\q":3}	2	3
c_frozen          rust_jsonc       	{"q":2\xc2\x85"q":3}	2	3
c_frozen          rust_jsonc       	{"q":2\xc2\xa0"q":3}	2	3
c_frozen          rust_jsonc       	{"q":2,"q":\xc2\x853}	2	3
c_frozen          rust_jsonc       	{"q":2,"q"\xc2\x85:3}	2	3
c_frozen          rust_jsonc       	{"q":2,"q"\xc2\xa0:3}	2	3
c_frozen          rust_jsonc       	{"q":2,\xc2\x85"q":3}	2	3
c_frozen          rust_jsonc       	{"q":2,\xc2\xa0"q":3}	2	3
c_frozen          rust_jsonc       	{"q":2\xc2\x85,"q":3}	2	3
c_frozen          rust_jsonc       	{"😀":2\xc2\x85"😀":3}	2	3
c_frozen          rust_jsonc       	{"😀":2\xc2\xa0"😀":3}	2	3
c_frozen          rust_jsonc       	{"😀":2,"😀":\xc2\x853}	2	3
c_frozen          rust_jsonc       	{"😀":2,"😀"\xc2\x85:3}	2	3
c_frozen          rust_jsonc       	{"😀":2,"😀"\xc2\xa0:3}	2	3
c_frozen          rust_jsonc       	{"😀":2,\xc2\x85"😀":3}	2	3
c_frozen          rust_jsonc       	{"😀":2,\xc2\xa0"😀":3}	2	3
c_frozen          rust_jsonc       	{"😀":2\xc2\x85,"😀":3}	2	3
c_frozen          rust_jsonc       	{"😀":2\xc2\xa0,"😀":3}	2	3
c_jansson         go_goccy         	{"q":2,"Q":3}\x00\r\x80	2	3
c_jansson         go_json_iterator 	{"q":2,"Q":3}\x00\r\x80	2	3
c_jsmn            c_frozen         	{"q":2!,"q":3}	3	2
c_jsmn            c_frozen         	{"q":2","q":3}	3	2
c_jsmn            c_frozen         	{"q":2#,"q":3}	3	2
c_jsmn            c_frozen         	{"q":2$,"q":3}	3	2
c_jsmn            c_frozen         	{"q":2%,"q":3}	3	2
c_jsmn            c_frozen         	{"q":2&,"q":3}	3	2
c_jsmn            c_frozen         	{"q":2',"q":3}	3	2
c_jsmn            c_frozen         	{"q":2(,"q":3}	3	2
c_jsmn            c_frozen         	{"😀":2!,"😀":3}	3	2
c_jsmn            c_frozen         	{"😀":2","😀":3}	3	2
c_jsmn            c_frozen         	{"😀":2#,"😀":3}	3	2
c_jsmn            c_frozen         	{"😀":2$,"😀":3}	3	2
c_jsmn            c_frozen         	{"😀":2%,"😀":3}	3	2
c_jsmn            c_frozen         	{"😀":2&,"😀":3}	3	2
c_jsmn            c_frozen         	{"😀":2',"😀":3}	3	2
c_jsmn            c_frozen         	{"😀":2(,"😀":3}	3	2
c_jsmn            go_gojay         	{"q"}:2,"q"{:3}	2	3
c_jsmn            java_gson        	{"0":2;"0":3}	2	3
c_jsmn            java_gson        	{"0":2!;"0":3}	2	3
c_jsmn            java_gson        	{"0":2";"0":3}	2	3
c_jsmn            java_gson        	{"0":2$;"0":3}	2	3
c_jsmn            java_gson        	{"0":2%;"0":3}	2	3
c_jsmn            java_gson        	{"0":2&;"0":3}	2	3
c_jsmn            java_gson        	{"0":2';"0":3}	2	3
c_jsmn            java_gson        	{"0":2(;"0":3}	2	3
c_jsmn            java_gson        	{"0":2);"0":3}	2	3
c_jsmn            java_gson        	{"q":2;"q":3}	2	3
c_jsmn            java_gson        	{"q":2!;"q":3}	2	3
c_jsmn            java_gson        	{"q":2";"q":3}	2	3
c_jsmn            java_gson        	{"q":2$;"q":3}	2	3
c_jsmn            java_gson        	{"q":2%;"q":3}	2	3
c_jsmn            java_gson        	{"q":2&;"q":3}	2	3
c_jsmn            java_gson        	{"q":2';"q":3}	2	3
c_jsmn            java_gson        	{"q":2(;"q":3}	2	3
c_jsmn            java_gson        	{"q":2);"q":3}	2	3
c_jsmn            java_jackson     	{"0":2,"\xff0":3}	2	3
c_jsmn            java_jackson     	{"0":2,"\xc0\xb0":3}	2	3
c_jsmn            java_jackson     	{"0":2,"\xff\xff0":3}	2	3
c_jsmn            java_jackson     	{"q":2,"\xffq":3}	2	3
c_jsmn            java_jackson     	{"q":2,"\xc1\xb1":3}	2	3
c_jsmn            java_jackson     	{"q":2,"\xff\xffq":3}	2	3
c_json_c          java_jackson     	{"0":2,"\xff0":3}	2	3
c_json_c          java_jackson     	{"0":2,"\xc0\xb0":3}	2	3
c_json_c          java_jackson     	{"0":2,"\xff\xff0":3}	2	3
c_json_c          java_jackson     	{"q":2,"\xffq":3}	2	3
c_json_c          java_jackson     	{"q":2,"\xc1\xb1":3}	2	3
c_json_c          java_jackson     	{"q":2,"\xff\xffq":3}	2	3
c_json_parser     c_frozen         	{"q":2,"\q":3}	3	2
c_json_parser     dotnet_std       	{"😀":2,"😀":2,"\xf0":3}	3	2
c_json_parser     go_goccy         	{"q":2,"\#q":3}	2	3
c_json_parser     go_goccy         	{"q":2,"\0q":3}	2	3
c_json_parser     go_goccy         	{"q":2,"\]q":3}	2	3
c_json_parser     go_goccy         	{"q":2,"\cq":3}	2	3
c_json_parser     go_goccy         	{"q":2,"\gq":3}	2	3
c_json_parser     go_goccy         	{"q":2,"\oq":3}	2	3
c_json_parser     go_goccy         	{"q":2,"\sq":3}	2	3
c_json_parser     go_goccy         	{"q":2,"\vq":3}	2	3
c_json_parser     go_sonnet        	{"😀":2,"😀":2,"\xf0":3}	3	2
c_json_parser     java_gson        	{"😀":2,"😀":2,"\xf0":3}	3	2
c_json_parser     java_jackson     	{"0":2,"\xff0":3}	2	3
c_json_parser     java_jackson     	{"0":2,"\xc0\xb0":3}	2	3
c_json_parser     java_jackson     	{"0":2,"\xff\xff0":3}	2	3
c_json_parser     java_jackson     	{"q":2,"\xffq":3}	2	3
c_json_parser     java_jackson     	{"q":2,"\xc1\xb1":3}	2	3
c_json_parser     java_jackson     	{"q":2,"\xff\xffq":3}	2	3
c_json_parser     js_json5         	{"0":2,"\0":3}	3	2
c_json_parser     js_json5         	{"0":2,"\\r0":3}	2	3
c_json_parser     js_json5         	{"q":2,"\\rq":3}	2	3
c_json_parser     js_v8            	{"😀":2,"😀":2,"\xf0":3}	3	2
c_json_parser     lua_cjson        	{"😀":2,"😀":2,"\xf0":3}	3	2
c_json_parser     rust_json        	{"😀":2,"😀":2,"\xf0":3}	3	2
c_mjson           go_gjson         	{"0\#":2,"0":3}	3	2
c_mjson           go_gjson         	{"0\,":2,"0":3}	3	2
c_mjson           go_gjson         	{"0\0":2,"0":3}	3	2
c_mjson           go_gjson         	{"q\#":2,"q":3}	3	2
c_mjson           go_gjson         	{"q\0":2,"q":3}	3	2
c_mjson           go_gjson         	{"q\]":2,"q":3}	3	2
c_mjson           go_gjson         	{"q\c":2,"q":3}	3	2
c_mjson           go_gjson         	{"q\g":2,"q":3}	3	2
c_mjson           go_gjson         	{"q\o":2,"q":3}	3	2
c_mjson           go_gjson         	{"q\q":2,"q":3}	3	2
c_mjson           go_gjson         	{"😀\#":2,"😀":3}	3	2
c_mjson           go_gjson         	{"😀\0":2,"😀":3}	3	2
c_mjson           go_gjson         	{"😀\]":2,"😀":3}	3	2
c_mjson           go_gjson         	{"😀\c":2,"😀":3}	3	2
c_mjson           go_gjson         	{"😀\g":2,"😀":3}	3	2
c_mjson           go_gjson         	{"😀\o":2,"😀":3}	3	2
c_mjson           go_gjson         	{"😀\s":2,"😀":3}	3	2
c_mjson           go_gjson         	{"😀\u":2,"😀":3}	3	2
c_mjson           go_gjson         	{"😀\\x01":2,"😀":3}	3	2
c_mjson           sqlite3          	{"0\0":2,"0":3}	3	2
c_mjson           sqlite3          	{"\\r0":2,"0":3}	3	2
c_mjson           sqlite3          	{"q\0":2,"q":3}	3	2
c_mjson           sqlite3          	{"\\rq":2,"q":3}	3	2
c_mjson           sqlite3          	{"😀\0":2,"😀":3}	3	2
c_mjson           sqlite3          	{"\\r😀":2,"😀":3}	3	2
cpp_mongoose      go_gjson         	{"0\#":2,"0":3}	3	2
cpp_mongoose      go_gjson         	{"0\,":2,"0":3}	3	2
cpp_mongoose      go_gjson         	{"0\0":2,"0":3}	3	2
cpp_mongoose      go_gjson         	{"q\#":2,"q":3}	3	2
cpp_mongoose      go_gjson         	{"q\0":2,"q":3}	3	2
cpp_mongoose      go_gjson         	{"q\]":2,"q":3}	3	2
cpp_mongoose      go_gjson         	{"q\c":2,"q":3}	3	2
cpp_mongoose      go_gjson         	{"q\g":2,"q":3}	3	2
cpp_mongoose      go_gjson         	{"q\o":2,"q":3}	3	2
cpp_mongoose      go_gjson         	{"q\q":2,"q":3}	3	2
cpp_mongoose      go_gjson         	{"😀\#":2,"😀":3}	3	2
cpp_mongoose      go_gjson         	{"😀\0":2,"😀":3}	3	2
cpp_mongoose      go_gjson         	{"😀\]":2,"😀":3}	3	2
cpp_mongoose      go_gjson         	{"😀\c":2,"😀":3}	3	2
cpp_mongoose      go_gjson         	{"😀\g":2,"😀":3}	3	2
cpp_mongoose      go_gjson         	{"😀\o":2,"😀":3}	3	2
cpp_mongoose      go_gjson         	{"😀\s":2,"😀":3}	3	2
cpp_mongoose      go_gjson         	{"😀\u":2,"😀":3}	3	2
cpp_mongoose      go_gjson         	{"😀\\x01":2,"😀":3}	3	2
cpp_mongoose      sqlite3          	{"0\0":2,"0":3}	3	2
cpp_mongoose      sqlite3          	{"\\r0":2,"0":3}	3	2
cpp_mongoose      sqlite3          	{"q\0":2,"q":3}	3	2
cpp_mongoose      sqlite3          	{"\\rq":2,"q":3}	3	2
cpp_mongoose      sqlite3          	{"😀\0":2,"😀":3}	3	2
cpp_mongoose      sqlite3          	{"\\r😀":2,"😀":3}	3	2
cpp_yajl          java_jackson     	{"0":2,"\xc0\xb0":3}	2	3
cpp_yajl          java_jackson     	{"q":2,"\xc1\xb1":3}	2	3
dotnet_newtonsoft c_frozen         	{"q":2,"q"\x00:3}	3	2
dotnet_newtonsoft c_frozen         	{"q":2,\x00"q":3}	3	2
dotnet_newtonsoft c_frozen         	{"q":2\x00,"q":3}	3	2
dotnet_newtonsoft c_frozen         	{"😀":2,"😀"\x00:3}	3	2
dotnet_newtonsoft c_frozen         	{"😀":2,\x00"😀":3}	3	2
dotnet_newtonsoft c_frozen         	{"😀":2\x00,"😀":3}	3	2
dotnet_newtonsoft c_frozen         	{"😀":2,"😀"\f\x00:3}	3	2
dotnet_newtonsoft c_frozen         	{"😀":2,"😀"\r\x00:3}	3	2
dotnet_newtonsoft c_frozen         	{"😀":2,"😀"\v\x00:3}	3	2
dotnet_newtonsoft go_goccy         	{"q":2,"\'q":3}	2	3
dotnet_newtonsoft java_gson        	{"0":2,\x00"0":3}	3	2
dotnet_newtonsoft java_gson        	{"0":2,\x00\x00"0":3}	3	2
dotnet_newtonsoft java_gson        	{"0":2,\xc2\x85"0":3}	3	2
dotnet_newtonsoft java_gson        	{"0":2,\xc2\xa0"0":3}	3	2
dotnet_newtonsoft java_gson        	{"q":2,\x00"q":3}	3	2
dotnet_newtonsoft java_gson        	{"q":2,\x00\x00"q":3}	3	2
dotnet_newtonsoft java_gson        	{"q":2,\xc2\x85"q":3}	3	2
dotnet_newtonsoft java_gson        	{"q":2,\xc2\xa0"q":3}	3	2
dotnet_newtonsoft java_gson        	{"😀":2,\x00"😀":3}	3	2
dotnet_newtonsoft java_gson        	{"😀":2,\x00\x00"😀":3}	3	2
dotnet_newtonsoft java_gson        	{"😀":2,\xc2\x85"😀":3}	3	2
dotnet_newtonsoft java_gson        	{"😀":2,\xc2\xa0"😀":3}	3	2
dotnet_newtonsoft java_jackson     	{"0":2,"\xff0":3}	2	3
dotnet_newtonsoft java_jackson     	{"0":2,"\xc0\xb0":3}	2	3
dotnet_newtonsoft java_jackson     	{"0":2,"\xff\xff0":3}	2	3
dotnet_newtonsoft java_jackson     	{"q":2,"\xffq":3}	2	3
dotnet_newtonsoft java_jackson     	{"q":2,"\xc1\xb1":3}	2	3
dotnet_newtonsoft java_jackson     	{"q":2,"\xff\xffq":3}	2	3
dotnet_std        c_json_parser    	{"😀":2,"😀":2,"\xf0":3}	2	3
dotnet_std        java_jackson     	{"0":2,"\xff0":3}	2	3
dotnet_std        java_jackson     	{"0":2,"\xc0\xb0":3}	2	3
dotnet_std        java_jackson     	{"0":2,"\xff\xff0":3}	2	3
dotnet_std        java_jackson     	{"q":2,"\xffq":3}	2	3
dotnet_std        java_jackson     	{"q":2,"\xc1\xb1":3}	2	3
dotnet_std        java_jackson     	{"q":2,"\xff\xffq":3}	2	3
go_fastjson       go_gjson         	{"0\#":2,"0":3}	3	2
go_fastjson       go_gjson         	{"0\0":2,"0":3}	3	2
go_fastjson       go_gjson         	{"0\]":2,"0":3}	3	2
go_fastjson       go_gjson         	{"0\c":2,"0":3}	3	2
go_fastjson       go_gjson         	{"0\g":2,"0":3}	3	2
go_fastjson       go_gjson         	{"0\o":2,"0":3}	3	2
go_fastjson       go_gjson         	{"0\s":2,"0":3}	3	2
go_fastjson       go_gjson         	{"0\u":2,"0":3}	3	2
go_fastjson       go_gjson         	{"0\\x00":2,"0":3}	3	2
go_fastjson       go_gjson         	{"q\#":2,"q":3}	3	2
go_fastjson       go_gjson         	{"q\0":2,"q":3}	3	2
go_fastjson       go_gjson         	{"q\]":2,"q":3}	3	2
go_fastjson       go_gjson         	{"q\c":2,"q":3}	3	2
go_fastjson       go_gjson         	{"q\g":2,"q":3}	3	2
go_fastjson       go_gjson         	{"q\o":2,"q":3}	3	2
go_fastjson       go_gjson         	{"q\q":2,"q":3}	3	2
go_fastjson       go_gjson         	{"q\s":2,"q":3}	3	2
go_fastjson       go_gjson         	{"q\u":2,"q":3}	3	2
go_fastjson       go_gjson         	{"😀\#":2,"😀":3}	3	2
go_fastjson       go_gjson         	{"😀\0":2,"😀":3}	3	2
go_fastjson       go_gjson         	{"😀\]":2,"😀":3}	3	2
go_fastjson       go_gjson         	{"😀\c":2,"😀":3}	3	2
go_fastjson       go_gjson         	{"😀\g":2,"😀":3}	3	2
go_fastjson       go_gjson         	{"😀\o":2,"😀":3}	3	2
go_fastjson       go_gjson         	{"😀\s":2,"😀":3}	3	2
go_fastjson       go_gjson         	{"😀\u":2,"😀":3}	3	2
go_fastjson       go_gjson         	{"😀\\x00":2,"😀":3}	3	2
go_fastjson       sqlite3          	{"0\0":2,"0":3}	3	2
go_fastjson       sqlite3          	{"\\r0":2,"0":3}	3	2
go_fastjson       sqlite3          	{"q\0":2,"q":3}	3	2
go_fastjson       sqlite3          	{"\\rq":2,"q":3}	3	2
go_fastjson       sqlite3          	{"😀\0":2,"😀":3}	3	2
go_fastjson       sqlite3          	{"\\r😀":2,"😀":3}	3	2
go_gjson          c_mjson          	{"0\#":2,"0":3}	2	3
go_gjson          c_mjson          	{"0\,":2,"0":3}	2	3
go_gjson          c_mjson          	{"0\0":2,"0":3}	2	3
go_gjson          c_mjson          	{"q\#":2,"q":3}	2	3
go_gjson          c_mjson          	{"q\0":2,"q":3}	2	3
go_gjson          c_mjson          	{"q\]":2,"q":3}	2	3
go_gjson          c_mjson          	{"q\c":2,"q":3}	2	3
go_gjson          c_mjson          	{"q\g":2,"q":3}	2	3
go_gjson          c_mjson          	{"q\o":2,"q":3}	2	3
go_gjson          c_mjson          	{"q\q":2,"q":3}	2	3
go_gjson          c_mjson          	{"😀\#":2,"😀":3}	2	3
go_gjson          c_mjson          	{"😀\0":2,"😀":3}	2	3
go_gjson          c_mjson          	{"😀\]":2,"😀":3}	2	3
go_gjson          c_mjson          	{"😀\c":2,"😀":3}	2	3
go_gjson          c_mjson          	{"😀\g":2,"😀":3}	2	3
go_gjson          c_mjson          	{"😀\o":2,"😀":3}	2	3
go_gjson          c_mjson          	{"😀\s":2,"😀":3}	2	3
go_gjson          c_mjson          	{"😀\u":2,"😀":3}	2	3
go_gjson          c_mjson          	{"😀\\x01":2,"😀":3}	2	3
go_gjson          cpp_mongoose     	{"0\#":2,"0":3}	2	3
go_gjson          cpp_mongoose     	{"0\,":2,"0":3}	2	3
go_gjson          cpp_mongoose     	{"0\0":2,"0":3}	2	3
go_gjson          cpp_mongoose     	{"q\#":2,"q":3}	2	3
go_gjson          cpp_mongoose     	{"q\0":2,"q":3}	2	3
go_gjson          cpp_mongoose     	{"q\]":2,"q":3}	2	3
go_gjson          cpp_mongoose     	{"q\c":2,"q":3}	2	3
go_gjson          cpp_mongoose     	{"q\g":2,"q":3}	2	3
go_gjson          cpp_mongoose     	{"q\o":2,"q":3}	2	3
go_gjson          cpp_mongoose     	{"q\q":2,"q":3}	2	3
go_gjson          cpp_mongoose     	{"😀\#":2,"😀":3}	2	3
go_gjson          cpp_mongoose     	{"😀\0":2,"😀":3}	2	3
go_gjson          cpp_mongoose     	{"😀\]":2,"😀":3}	2	3
go_gjson          cpp_mongoose     	{"😀\c":2,"😀":3}	2	3
go_gjson          cpp_mongoose     	{"😀\g":2,"😀":3}	2	3
go_gjson          cpp_mongoose     	{"😀\o":2,"😀":3}	2	3
go_gjson          cpp_mongoose     	{"😀\s":2,"😀":3}	2	3
go_gjson          cpp_mongoose     	{"😀\u":2,"😀":3}	2	3
go_gjson          cpp_mongoose     	{"😀\\x01":2,"😀":3}	2	3
go_gjson          go_fastjson      	{"0\#":2,"0":3}	2	3
go_gjson          go_fastjson      	{"0\0":2,"0":3}	2	3
go_gjson          go_fastjson      	{"0\]":2,"0":3}	2	3
go_gjson          go_fastjson      	{"0\c":2,"0":3}	2	3
go_gjson          go_fastjson      	{"0\g":2,"0":3}	2	3
go_gjson          go_fastjson      	{"0\o":2,"0":3}	2	3
go_gjson          go_fastjson      	{"0\s":2,"0":3}	2	3
go_gjson          go_fastjson      	{"0\u":2,"0":3}	2	3
go_gjson          go_fastjson      	{"0\\x00":2,"0":3}	2	3
go_gjson          go_fastjson      	{"q\#":2,"q":3}	2	3
go_gjson          go_fastjson      	{"q\0":2,"q":3}	2	3
go_gjson          go_fastjson      	{"q\]":2,"q":3}	2	3
go_gjson          go_fastjson      	{"q\c":2,"q":3}	2	3
go_gjson          go_fastjson      	{"q\g":2,"q":3}	2	3
go_gjson          go_fastjson      	{"q\o":2,"q":3}	2	3
go_gjson          go_fastjson      	{"q\q":2,"q":3}	2	3
go_gjson          go_fastjson      	{"q\s":2,"q":3}	2	3
go_gjson          go_fastjson      	{"q\u":2,"q":3}	2	3
go_gjson          go_fastjson      	{"😀\#":2,"😀":3}	2	3
go_gjson          go_fastjson      	{"😀\0":2,"😀":3}	2	3
go_gjson          go_fastjson      	{"😀\]":2,"😀":3}	2	3
go_gjson          go_fastjson      	{"😀\c":2,"😀":3}	2	3
go_gjson          go_fastjson      	{"😀\g":2,"😀":3}	2	3
go_gjson          go_fastjson      	{"😀\o":2,"😀":3}	2	3
go_gjson          go_fastjson      	{"😀\s":2,"😀":3}	2	3
go_gjson          go_fastjson      	{"😀\u":2,"😀":3}	2	3
go_gjson          go_fastjson      	{"😀\\x00":2,"😀":3}	2	3
go_gjson          go_jsonparser    	{"0"#2,"0":3}	2	3
go_gjson          go_jsonparser    	{"0";2,"0":3}	2	3
go_gjson          go_jsonparser    	{"0"J2,"0":3}	2	3
go_gjson          go_jsonparser    	{"0"O2,"0":3}	2	3
go_gjson          go_jsonparser    	{"0"\2,"0":3}	2	3
go_gjson          go_jsonparser    	{"0"j2,"0":3}	2	3
go_gjson          go_jsonparser    	{"0"o2,"0":3}	2	3
go_gjson          go_jsonparser    	{"0"|2,"0":3}	2	3
go_gjson          go_jsonparser    	{"0"~2,"0":3}	2	3
go_gjson          go_jsonparser    	{"q"#2,"q":3}	2	3
go_gjson          go_jsonparser    	{"q";2,"q":3}	2	3
go_gjson          go_jsonparser    	{"q"J2,"q":3}	2	3
go_gjson          go_jsonparser    	{"q"O2,"q":3}	2	3
go_gjson          go_jsonparser    	{"q"\2,"q":3}	2	3
go_gjson          go_jsonparser    	{"q"j2,"q":3}	2	3
go_gjson          go_jsonparser    	{"q"o2,"q":3}	2	3
go_gjson          go_jsonparser    	{"q"|2,"q":3}	2	3
go_gjson          go_jsonparser    	{"q"~2,"q":3}	2	3
go_gjson          go_jsonparser    	{"""":{"q":2},"q":3}	2	3
go_gjson          go_jsonparser    	{""q"":{"q":2},"q":3}	2	3
go_gjson          go_jsonparser    	{",q":{]"q":2},"q":3}	2	3
go_gjson          go_jsonparser    	{"-q":{]"q":2},"q":3}	2	3
go_gjson          go_jsonparser    	{".q":{]"q":2},"q":3}	2	3
go_gjson          go_jsonparser    	{"0q":{]"q":2},"q":3}	2	3
go_gjson          go_jsonparser    	{"9q":{]"q":2},"q":3}	2	3
go_gjson          go_jsonparser    	{"[q":{]"q":2},"q":3}	2	3
go_gjson          go_jsonparser    	{"]q":{]"q":2},"q":3}	2	3
go_gjson          go_jsonparser    	{"""":{"q":2},"q":3}	2	3
go_gjson          go_jsonparser    	{"w":f{"q":2},"q":3}	2	3
go_gjson          go_jsonparser    	{"w":t{"q":2},"q":3}	2	3
go_gjson          go_jsonparser    	{"w":{)"q":2},"q":3}	2	3
go_gjson          go_jsonparser    	{"w":{]"q":2},"q":3}	2	3
go_gjson          go_jsonparser    	{"😀"#2,"😀":3}	2	3
go_gjson          go_jsonparser    	{"😀";2,"😀":3}	2	3
go_gjson          go_jsonparser    	{"😀"J2,"😀":3}	2	3
go_gjson          go_jsonparser    	{"😀"O2,"😀":3}	2	3
go_gjson          go_jsonparser    	{"😀"\2,"😀":3}	2	3
go_gjson          go_jsonparser    	{"😀"j2,"😀":3}	2	3
go_gjson          go_jsonparser    	{"😀"o2,"😀":3}	2	3
go_gjson          go_jsonparser    	{"😀"|2,"😀":3}	2	3
go_gjson          go_jsonparser    	{"😀"~2,"😀":3}	2	3
go_gjson          java_json        	{"0\'":2,"0":3}	2	3
go_gjson          java_json        	{"q\'":2,"q":3}	2	3
go_gjson          java_json        	{"😀\'":2,"😀":3}	2	3
go_gjson          sqlite3          	{"0\'":2,"0":3}	2	3
go_gjson          sqlite3          	{"\\r0":2,"0":3}	3	2
go_gjson          sqlite3          	{"q\'":2,"q":3}	2	3
go_gjson          sqlite3          	{"\\rq":2,"q":3}	3	2
go_gjson          sqlite3          	{"😀\'":2,"😀":3}	2	3
go_gjson          sqlite3          	{"\\r😀":2,"😀":3}	3	2
go_goccy          c_frozen         	{"q":2,"\#q":3}	3	2
go_goccy          c_frozen         	{"q":2,"\0q":3}	3	2
go_goccy          c_frozen         	{"q":2,"\]q":3}	3	2
go_goccy          c_frozen         	{"q":2,"\cq":3}	3	2
go_goccy          c_frozen         	{"q":2,"\gq":3}	3	2
go_goccy          c_frozen         	{"q":2,"\oq":3}	3	2
go_goccy          c_frozen         	{"q":2,"\sq":3}	3	2
go_goccy          c_frozen         	{"q":2,"\vq":3}	3	2
go_goccy          c_jansson        	{"q":2,"Q":3}\x00\r\x80	3	2
go_goccy          c_json_parser    	{"q":2,"\#q":3}	3	2
go_goccy          c_json_parser    	{"q":2,"\0q":3}	3	2
go_goccy          c_json_parser    	{"q":2,"\]q":3}	3	2
go_goccy          c_json_parser    	{"q":2,"\cq":3}	3	2
go_goccy          c_json_parser    	{"q":2,"\gq":3}	3	2
go_goccy          c_json_parser    	{"q":2,"\oq":3}	3	2
go_goccy          c_json_parser    	{"q":2,"\sq":3}	3	2
go_goccy          c_json_parser    	{"q":2,"\vq":3}	3	2
go_goccy          dotnet_newtonsoft	{"q":2,"\'q":3}	3	2
go_goccy          go_sonnet        	{"q":2,"\'q":3}	3	2
go_goccy          java_gson        	{"q":2,"\'q":3}	3	2
go_goccy          java_jackson     	{"0":2,"\xff0":3}	2	3
go_goccy          java_jackson     	{"0":2,"\xc0\xb0":3}	2	3
go_goccy          java_jackson     	{"0":2,"\xff\xff0":3}	2	3
go_goccy          java_jackson     	{"q":2,"\xffq":3}	2	3
go_goccy          java_jackson     	{"q":2,"\xc1\xb1":3}	2	3
go_goccy          java_jackson     	{"q":2,"\xff\xffq":3}	2	3
go_goccy          java_json        	{"q":2,"\'q":3}	3	2
go_goccy          js_json5         	{"q":2,"\#q":3}	3	2
go_goccy          js_json5         	{"q":2,"\0q":3}	3	2
go_goccy          js_json5         	{"q":2,"\:q":3}	3	2
go_goccy          js_json5         	{"q":2,"\]q":3}	3	2
go_goccy          js_json5         	{"q":2,"\cq":3}	3	2
go_goccy          js_json5         	{"q":2,"\gq":3}	3	2
go_goccy          js_json5         	{"q":2,"\oq":3}	3	2
go_goccy          js_json5         	{"q":2,"\sq":3}	3	2
go_goccy          ruby_std         	{"q":2,"\#q":3}	3	2
go_goccy          ruby_std         	{"q":2,"\0q":3}	3	2
go_goccy          ruby_std         	{"q":2,"\]q":3}	3	2
go_goccy          ruby_std         	{"q":2,"\cq":3}	3	2
go_goccy          ruby_std         	{"q":2,"\gq":3}	3	2
go_goccy          ruby_std         	{"q":2,"\oq":3}	3	2
go_goccy          ruby_std         	{"q":2,"\sq":3}	3	2
go_goccy          ruby_std         	{"q":2,"\vq":3}	3	2
go_gojay          c_frozen         	{"q":2,"q"!:3}	3	2
go_gojay          c_frozen         	{"q":2,"q"":3}	3	2
go_gojay          c_frozen         	{"q":2,"q"#:3}	3	2
go_gojay          c_frozen         	{"q":2,"q"$:3}	3	2
go_gojay          c_frozen         	{"q":2,"q"%:3}	3	2
go_gojay          c_frozen         	{"q":2,"q"&:3}	3	2
go_gojay          c_frozen         	{"q":2,"q"':3}	3	2
go_gojay          c_jsmn           	{"q"}:2,"q"{:3}	3	2
go_gojay          java_gson        	{"q"={"q":2},"q":3}	2	3
go_gojay          java_gson        	{"q"=>{"q":2},"q":3}	2	3
go_gojay          java_gson        	{"q"=\r{"q":2},"q":3}	2	3
go_gojay          java_gson        	{"q"\r={"q":2},"q":3}	2	3
go_gojay          java_jackson     	{"q":2,"\xffq":3}	2	3
go_gojay          java_jackson     	{"q":2,"\xc1\xb1":3}	2	3
go_gojay          java_jackson     	{"q":2,"\xff\xffq":3}	2	3
go_json_iterator  c_jansson        	{"q":2,"Q":3}\x00\r\x80	3	2
go_json_iterator  java_jackson     	{"0":2,"\xff0":3}	2	3
go_json_iterator  java_jackson     	{"0":2,"\xc0\xb0":3}	2	3
go_json_iterator  java_jackson     	{"0":2,"\xff\xff0":3}	2	3
go_json_iterator  java_jackson     	{"q":2,"\xffq":3}	2	3
go_json_iterator  java_jackson     	{"q":2,"\xc1\xb1":3}	2	3
go_json_iterator  java_jackson     	{"q":2,"\xff\xffq":3}	2	3
go_jsonparser     go_gjson         	{"0"#2,"0":3}	3	2
go_jsonparser     go_gjson         	{"0";2,"0":3}	3	2
go_jsonparser     go_gjson         	{"0"J2,"0":3}	3	2
go_jsonparser     go_gjson         	{"0"O2,"0":3}	3	2
go_jsonparser     go_gjson         	{"0"\2,"0":3}	3	2
go_jsonparser     go_gjson         	{"0"j2,"0":3}	3	2
go_jsonparser     go_gjson         	{"0"o2,"0":3}	3	2
go_jsonparser     go_gjson         	{"0"|2,"0":3}	3	2
go_jsonparser     go_gjson         	{"0"~2,"0":3}	3	2
go_jsonparser     go_gjson         	{"q"#2,"q":3}	3	2
go_jsonparser     go_gjson         	{"q";2,"q":3}	3	2
go_jsonparser     go_gjson         	{"q"J2,"q":3}	3	2
go_jsonparser     go_gjson         	{"q"O2,"q":3}	3	2
go_jsonparser     go_gjson         	{"q"\2,"q":3}	3	2
go_jsonparser     go_gjson         	{"q"j2,"q":3}	3	2
go_jsonparser     go_gjson         	{"q"o2,"q":3}	3	2
go_jsonparser     go_gjson         	{"q"|2,"q":3}	3	2
go_jsonparser     go_gjson         	{"q"~2,"q":3}	3	2
go_jsonparser     go_gjson         	{"""":{"q":2},"q":3}	3	2
go_jsonparser     go_gjson         	{""q"":{"q":2},"q":3}	3	2
go_jsonparser     go_gjson         	{",q":{]"q":2},"q":3}	3	2
go_jsonparser     go_gjson         	{"-q":{]"q":2},"q":3}	3	2
go_jsonparser     go_gjson         	{".q":{]"q":2},"q":3}	3	2
go_jsonparser     go_gjson         	{"0q":{]"q":2},"q":3}	3	2
go_jsonparser     go_gjson         	{"9q":{]"q":2},"q":3}	3	2
go_jsonparser     go_gjson         	{"[q":{]"q":2},"q":3}	3	2
go_jsonparser     go_gjson         	{"]q":{]"q":2},"q":3}	3	2
go_jsonparser     go_gjson         	{"""":{"q":2},"q":3}	3	2
go_jsonparser     go_gjson         	{"w":f{"q":2},"q":3}	3	2
go_jsonparser     go_gjson         	{"w":t{"q":2},"q":3}	3	2
go_jsonparser     go_gjson         	{"w":{)"q":2},"q":3}	3	2
go_jsonparser     go_gjson         	{"w":{]"q":2},"q":3}	3	2
go_jsonparser     go_gjson         	{"😀"#2,"😀":3}	3	2
go_jsonparser     go_gjson         	{"😀";2,"😀":3}	3	2
go_jsonparser     go_gjson         	{"😀"J2,"😀":3}	3	2
go_jsonparser     go_gjson         	{"😀"O2,"😀":3}	3	2
go_jsonparser     go_gjson         	{"😀"\2,"😀":3}	3	2
go_jsonparser     go_gjson         	{"😀"j2,"😀":3}	3	2
go_jsonparser     go_gjson         	{"😀"o2,"😀":3}	3	2
go_jsonparser     go_gjson         	{"😀"|2,"😀":3}	3	2
go_jsonparser     go_gjson         	{"😀"~2,"😀":3}	3	2
go_sonnet         c_json_parser    	{"😀":2,"😀":2,"\xf0":3}	2	3
go_sonnet         go_goccy         	{"q":2,"\'q":3}	2	3
go_sonnet         java_jackson     	{"0":2,"\xff0":3}	2	3
go_sonnet         java_jackson     	{"0":2,"\xc0\xb0":3}	2	3
go_sonnet         java_jackson     	{"0":2,"\xff\xff0":3}	2	3
go_sonnet         java_jackson     	{"q":2,"\xffq":3}	2	3
go_sonnet         java_jackson     	{"q":2,"\xc1\xb1":3}	2	3
go_sonnet         java_jackson     	{"q":2,"\xff\xffq":3}	2	3
go_std            java_jackson     	{"0":2,"\xff0":3}	2	3
go_std            java_jackson     	{"0":2,"\xc0\xb0":3}	2	3
go_std            java_jackson     	{"0":2,"\xff\xff0":3}	2	3
go_std            java_jackson     	{"q":2,"\xffq":3}	2	3
go_std            java_jackson     	{"q":2,"\xc1\xb1":3}	2	3
go_std            java_jackson     	{"q":2,"\xff\xffq":3}	2	3
java_gson         c_frozen         	{"q":2,"q"=3}	3	2
java_gson         c_frozen         	{"q":2;"q":3}	3	2
java_gson         c_frozen         	{"q":2!,"q":3}	3	2
java_gson         c_frozen         	{"q":2!;"q":3}	3	2
java_gson         c_frozen         	{"q":2","q":3}	3	2
java_gson         c_frozen         	{"q":2";"q":3}	3	2
java_gson         c_frozen         	{"q":2$,"q":3}	3	2
java_gson         c_frozen         	{"😀":2,"😀"=3}	3	2
java_gson         c_frozen         	{"😀":2;"😀":3}	3	2
java_gson         c_frozen         	{"😀":2!,"😀":3}	3	2
java_gson         c_frozen         	{"😀":2!;"😀":3}	3	2
java_gson         c_frozen         	{"😀":2","😀":3}	3	2
java_gson         c_frozen         	{"😀":2";"😀":3}	3	2
java_gson         c_frozen         	{"😀":2$,"😀":3}	3	2
java_gson         c_jsmn           	{"0":2;"0":3}	3	2
java_gson         c_jsmn           	{"0":2!;"0":3}	3	2
java_gson         c_jsmn           	{"0":2";"0":3}	3	2
java_gson         c_jsmn           	{"0":2$;"0":3}	3	2
java_gson         c_jsmn           	{"0":2%;"0":3}	3	2
java_gson         c_jsmn           	{"0":2&;"0":3}	3	2
java_gson         c_jsmn           	{"0":2';"0":3}	3	2
java_gson         c_jsmn           	{"0":2(;"0":3}	3	2
java_gson         c_jsmn           	{"0":2);"0":3}	3	2
java_gson         c_jsmn           	{"q":2;"q":3}	3	2
java_gson         c_jsmn           	{"q":2!;"q":3}	3	2
java_gson         c_jsmn           	{"q":2";"q":3}	3	2
java_gson         c_jsmn           	{"q":2$;"q":3}	3	2
java_gson         c_jsmn           	{"q":2%;"q":3}	3	2
java_gson         c_jsmn           	{"q":2&;"q":3}	3	2
java_gson         c_jsmn           	{"q":2';"q":3}	3	2
java_gson         c_jsmn           	{"q":2(;"q":3}	3	2
java_gson         c_jsmn           	{"q":2);"q":3}	3	2
java_gson         c_json_parser    	{"😀":2,"😀":2,"\xf0":3}	2	3
java_gson         dotnet_newtonsoft	{"0":2,\x00"0":3}	2	3
java_gson         dotnet_newtonsoft	{"0":2,\x00\x00"0":3}	2	3
java_gson         dotnet_newtonsoft	{"0":2,\xc2\x85"0":3}	2	3
java_gson         dotnet_newtonsoft	{"0":2,\xc2\xa0"0":3}	2	3
java_gson         dotnet_newtonsoft	{"q":2,\x00"q":3}	2	3
java_gson         dotnet_newtonsoft	{"q":2,\x00\x00"q":3}	2	3
java_gson         dotnet_newtonsoft	{"q":2,\xc2\x85"q":3}	2	3
java_gson         dotnet_newtonsoft	{"q":2,\xc2\xa0"q":3}	2	3
java_gson         dotnet_newtonsoft	{"😀":2,\x00"😀":3}	2	3
java_gson         dotnet_newtonsoft	{"😀":2,\x00\x00"😀":3}	2	3
java_gson         dotnet_newtonsoft	{"😀":2,\xc2\x85"😀":3}	2	3
java_gson         dotnet_newtonsoft	{"😀":2,\xc2\xa0"😀":3}	2	3
java_gson         go_goccy         	{"q":2,"\'q":3}	2	3
java_gson         go_gojay         	{"q"={"q":2},"q":3}	3	2
java_gson         go_gojay         	{"q"=>{"q":2},"q":3}	3	2
java_gson         go_gojay         	{"q"=\r{"q":2},"q":3}	3	2
java_gson         go_gojay         	{"q"\r={"q":2},"q":3}	3	2
java_gson         java_jackson     	{"0":2,"\xff0":3}	2	3
java_gson         java_jackson     	{"0":2,"\xc0\xb0":3}	2	3
java_gson         java_jackson     	{"0":2,"\xff\xff0":3}	2	3
java_gson         java_jackson     	{"q":2,"\xffq":3}	2	3
java_gson         java_jackson     	{"q":2,"\xc1\xb1":3}	2	3
java_gson         java_jackson     	{"q":2,"\xff\xffq":3}	2	3
java_gson         js_json5         	{"0":2,\xc2\xa0"0":3}	2	3
java_gson         js_json5         	{"q":2,\xc2\xa0"q":3}	2	3
java_gson         js_json5         	{"😀":2,\xc2\xa0"😀":3}	2	3
java_gson         rust_jsonc       	{"0":2,\xc2\x85"0":3}	2	3
java_gson         rust_jsonc       	{"0":2,\xc2\xa0"0":3}	2	3
java_gson         rust_jsonc       	{"q":2,\xc2\x85"q":3}	2	3
java_gson         rust_jsonc       	{"q":2,\xc2\xa0"q":3}	2	3
java_gson         rust_jsonc       	{"😀":2,\xc2\x85"😀":3}	2	3
java_gson         rust_jsonc       	{"😀":2,\xc2\xa0"😀":3}	2	3
java_jackson      c_frozen         	{"q":2,"\xffq":3}	3	2
java_jackson      c_frozen         	{"q":2,"\xc1\xb1":3}	3	2
java_jackson      c_frozen         	{"q":2,"\xff\xffq":3}	3	2
java_jackson      c_jsmn           	{"0":2,"\xff0":3}	3	2
java_jackson      c_jsmn           	{"0":2,"\xc0\xb0":3}	3	2
java_jackson      c_jsmn           	{"0":2,"\xff\xff0":3}	3	2
java_jackson      c_jsmn           	{"q":2,"\xffq":3}	3	2
java_jackson      c_jsmn           	{"q":2,"\xc1\xb1":3}	3	2
java_jackson      c_jsmn           	{"q":2,"\xff\xffq":3}	3	2
java_jackson      c_json_c         	{"0":2,"\xff0":3}	3	2
java_jackson      c_json_c         	{"0":2,"\xc0\xb0":3}	3	2
java_jackson      c_json_c         	{"0":2,"\xff\xff0":3}	3	2
java_jackson      c_json_c         	{"q":2,"\xffq":3}	3	2
java_jackson      c_json_c         	{"q":2,"\xc1\xb1":3}	3	2
java_jackson      c_json_c         	{"q":2,"\xff\xffq":3}	3	2
java_jackson      c_json_parser    	{"0":2,"\xff0":3}	3	2
java_jackson      c_json_parser    	{"0":2,"\xc0\xb0":3}	3	2
java_jackson      c_json_parser    	{"0":2,"\xff\xff0":3}	3	2
java_jackson      c_json_parser    	{"q":2,"\xffq":3}	3	2
java_jackson      c_json_parser    	{"q":2,"\xc1\xb1":3}	3	2
java_jackson      c_json_parser    	{"q":2,"\xff\xffq":3}	3	2
java_jackson      cpp_yajl         	{"0":2,"\xc0\xb0":3}	3	2
java_jackson      cpp_yajl         	{"q":2,"\xc1\xb1":3}	3	2
java_jackson      dotnet_newtonsoft	{"0":2,"\xff0":3}	3	2
java_jackson      dotnet_newtonsoft	{"0":2,"\xc0\xb0":3}	3	2
java_jackson      dotnet_newtonsoft	{"0":2,"\xff\xff0":3}	3	2
java_jackson      dotnet_newtonsoft	{"q":2,"\xffq":3}	3	2
java_jackson      dotnet_newtonsoft	{"q":2,"\xc1\xb1":3}	3	2
java_jackson      dotnet_newtonsoft	{"q":2,"\xff\xffq":3}	3	2
java_jackson      dotnet_std       	{"0":2,"\xff0":3}	3	2
java_jackson      dotnet_std       	{"0":2,"\xc0\xb0":3}	3	2
java_jackson      dotnet_std       	{"0":2,"\xff\xff0":3}	3	2
java_jackson      dotnet_std       	{"q":2,"\xffq":3}	3	2
java_jackson      dotnet_std       	{"q":2,"\xc1\xb1":3}	3	2
java_jackson      dotnet_std       	{"q":2,"\xff\xffq":3}	3	2
java_jackson      go_goccy         	{"0":2,"\xff0":3}	3	2
java_jackson      go_goccy         	{"0":2,"\xc0\xb0":3}	3	2
java_jackson      go_goccy         	{"0":2,"\xff\xff0":3}	3	2
java_jackson      go_goccy         	{"q":2,"\xffq":3}	3	2
java_jackson      go_goccy         	{"q":2,"\xc1\xb1":3}	3	2
java_jackson      go_goccy         	{"q":2,"\xff\xffq":3}	3	2
java_jackson      go_gojay         	{"q":2,"\xffq":3}	3	2
java_jackson      go_gojay         	{"q":2,"\xc1\xb1":3}	3	2
java_jackson      go_gojay         	{"q":2,"\xff\xffq":3}	3	2
java_jackson      go_json_iterator 	{"0":2,"\xff0":3}	3	2
java_jackson      go_json_iterator 	{"0":2,"\xc0\xb0":3}	3	2
java_jackson      go_json_iterator 	{"0":2,"\xff\xff0":3}	3	2
java_jackson      go_json_iterator 	{"q":2,"\xffq":3}	3	2
java_jackson      go_json_iterator 	{"q":2,"\xc1\xb1":3}	3	2
java_jackson      go_json_iterator 	{"q":2,"\xff\xffq":3}	3	2
java_jackson      go_sonnet        	{"0":2,"\xff0":3}	3	2
java_jackson      go_sonnet        	{"0":2,"\xc0\xb0":3}	3	2
java_jackson      go_sonnet        	{"0":2,"\xff\xff0":3}	3	2
java_jackson      go_sonnet        	{"q":2,"\xffq":3}	3	2
java_jackson      go_sonnet        	{"q":2,"\xc1\xb1":3}	3	2
java_jackson      go_sonnet        	{"q":2,"\xff\xffq":3}	3	2
java_jackson      go_std           	{"0":2,"\xff0":3}	3	2
java_jackson      go_std           	{"0":2,"\xc0\xb0":3}	3	2
java_jackson      go_std           	{"0":2,"\xff\xff0":3}	3	2
java_jackson      go_std           	{"q":2,"\xffq":3}	3	2
java_jackson      go_std           	{"q":2,"\xc1\xb1":3}	3	2
java_jackson      go_std           	{"q":2,"\xff\xffq":3}	3	2
java_jackson      java_gson        	{"0":2,"\xff0":3}	3	2
java_jackson      java_gson        	{"0":2,"\xc0\xb0":3}	3	2
java_jackson      java_gson        	{"0":2,"\xff\xff0":3}	3	2
java_jackson      java_gson        	{"q":2,"\xffq":3}	3	2
java_jackson      java_gson        	{"q":2,"\xc1\xb1":3}	3	2
java_jackson      java_gson        	{"q":2,"\xff\xffq":3}	3	2
java_jackson      java_json        	{"0":2,"\xff0":3}	3	2
java_jackson      java_json        	{"0":2,"\xc0\xb0":3}	3	2
java_jackson      java_json        	{"0":2,"\xff\xff0":3}	3	2
java_jackson      java_json        	{"q":2,"\xffq":3}	3	2
java_jackson      java_json        	{"q":2,"\xc1\xb1":3}	3	2
java_jackson      java_json        	{"q":2,"\xff\xffq":3}	3	2
java_jackson      js_json5         	{"0":2,"\xff0":3}	3	2
java_jackson      js_json5         	{"0":2,"\xc0\xb0":3}	3	2
java_jackson      js_json5         	{"0":2,"\xff\xff0":3}	3	2
java_jackson      js_json5         	{"q":2,"\xffq":3}	3	2
java_jackson      js_json5         	{"q":2,"\xc1\xb1":3}	3	2
java_jackson      js_json5         	{"q":2,"\xff\xffq":3}	3	2
java_jackson      js_v8            	{"0":2,"\xff0":3}	3	2
java_jackson      js_v8            	{"0":2,"\xc0\xb0":3}	3	2
java_jackson      js_v8            	{"0":2,"\xff\xff0":3}	3	2
java_jackson      js_v8            	{"q":2,"\xffq":3}	3	2
java_jackson      js_v8            	{"q":2,"\xc1\xb1":3}	3	2
java_jackson      js_v8            	{"q":2,"\xff\xffq":3}	3	2
java_jackson      lua_cjson        	{"0":2,"\xff0":3}	3	2
java_jackson      lua_cjson        	{"0":2,"\xc0\xb0":3}	3	2
java_jackson      lua_cjson        	{"0":2,"\xff\xff0":3}	3	2
java_jackson      lua_cjson        	{"q":2,"\xffq":3}	3	2
java_jackson      lua_cjson        	{"q":2,"\xc1\xb1":3}	3	2
java_jackson      lua_cjson        	{"q":2,"\xff\xffq":3}	3	2
java_jackson      python_msgspec   	{"q":2,"\xffq":3}	3	2
java_jackson      python_msgspec   	{"q":2,"\xc1\xb1":3}	3	2
java_jackson      python_msgspec   	{"q":2,"\xff\xffq":3}	3	2
java_jackson      ruby_std         	{"0":2,"\xff0":3}	3	2
java_jackson      ruby_std         	{"0":2,"\xc0\xb0":3}	3	2
java_jackson      ruby_std         	{"0":2,"\xff\xff0":3}	3	2
java_jackson      ruby_std         	{"q":2,"\xffq":3}	3	2
java_jackson      ruby_std         	{"q":2,"\xc1\xb1":3}	3	2
java_jackson      ruby_std         	{"q":2,"\xff\xffq":3}	3	2
java_jackson      rust_json        	{"0":2,"\xff0":3}	3	2
java_jackson      rust_json        	{"0":2,"\xc0\xb0":3}	3	2
java_jackson      rust_json        	{"0":2,"\xff\xff0":3}	3	2
java_jackson      rust_json        	{"q":2,"\xffq":3}	3	2
java_jackson      rust_json        	{"q":2,"\xc1\xb1":3}	3	2
java_jackson      rust_json        	{"q":2,"\xff\xffq":3}	3	2
java_json         go_gjson         	{"0\'":2,"0":3}	3	2
java_json         go_gjson         	{"q\'":2,"q":3}	3	2
java_json         go_gjson         	{"😀\'":2,"😀":3}	3	2
java_json         go_goccy         	{"q":2,"\'q":3}	2	3
java_json         java_jackson     	{"0":2,"\xff0":3}	2	3
java_json         java_jackson     	{"0":2,"\xc0\xb0":3}	2	3
java_json         java_jackson     	{"0":2,"\xff\xff0":3}	2	3
java_json         java_jackson     	{"q":2,"\xffq":3}	2	3
java_json         java_jackson     	{"q":2,"\xc1\xb1":3}	2	3
java_json         java_jackson     	{"q":2,"\xff\xffq":3}	2	3
js_json5          c_frozen         	{"q":2,"\q":3}	3	2
js_json5          c_frozen         	{"q":2,"\\rq":3}	3	2
js_json5          c_frozen         	{"q":2,"q"\xc2\xa0:3}	3	2
js_json5          c_frozen         	{"q":2,\xc2\xa0"q":3}	3	2
js_json5          c_frozen         	{"q":2\xc2\xa0,"q":3}	3	2
js_json5          c_frozen         	{"😀":2,"\😀":3}	3	2
js_json5          c_frozen         	{"😀":2,"\\r😀":3}	3	2
js_json5          c_frozen         	{"😀":2,"😀"\xc2\xa0:3}	3	2
js_json5          c_frozen         	{"😀":2,\xc2\xa0"😀":3}	3	2
js_json5          c_frozen         	{"😀":2\xc2\xa0,"😀":3}	3	2
js_json5          c_json_parser    	{"0":2,"\0":3}	2	3
js_json5          c_json_parser    	{"0":2,"\\r0":3}	3	2
js_json5          c_json_parser    	{"q":2,"\\rq":3}	3	2
js_json5          go_goccy         	{"q":2,"\#q":3}	2	3
js_json5          go_goccy         	{"q":2,"\0q":3}	2	3
js_json5          go_goccy         	{"q":2,"\:q":3}	2	3
js_json5          go_goccy         	{"q":2,"\]q":3}	2	3
js_json5          go_goccy         	{"q":2,"\cq":3}	2	3
js_json5          go_goccy         	{"q":2,"\gq":3}	2	3
js_json5          go_goccy         	{"q":2,"\oq":3}	2	3
js_json5          go_goccy         	{"q":2,"\sq":3}	2	3
js_json5          java_gson        	{"0":2,\xc2\xa0"0":3}	3	2
js_json5          java_gson        	{"q":2,\xc2\xa0"q":3}	3	2
js_json5          java_gson        	{"😀":2,\xc2\xa0"😀":3}	3	2
js_json5          java_jackson     	{"0":2,"\xff0":3}	2	3
js_json5          java_jackson     	{"0":2,"\xc0\xb0":3}	2	3
js_json5          java_jackson     	{"0":2,"\xff\xff0":3}	2	3
js_json5          java_jackson     	{"q":2,"\xffq":3}	2	3
js_json5          java_jackson     	{"q":2,"\xc1\xb1":3}	2	3
js_json5          java_jackson     	{"q":2,"\xff\xffq":3}	2	3
js_json5          ruby_std         	{"0":2,"\0":3}	2	3
js_v8             c_json_parser    	{"😀":2,"😀":2,"\xf0":3}	2	3
js_v8             java_jackson     	{"0":2,"\xff0":3}	2	3
js_v8             java_jackson     	{"0":2,"\xc0\xb0":3}	2	3
js_v8             java_jackson     	{"0":2,"\xff\xff0":3}	2	3
js_v8             java_jackson     	{"q":2,"\xffq":3}	2	3
js_v8             java_jackson     	{"q":2,"\xc1\xb1":3}	2	3
js_v8             java_jackson     	{"q":2,"\xff\xffq":3}	2	3
lua_cjson         c_json_parser    	{"😀":2,"😀":2,"\xf0":3}	2	3
lua_cjson         java_jackson     	{"0":2,"\xff0":3}	2	3
lua_cjson         java_jackson     	{"0":2,"\xc0\xb0":3}	2	3
lua_cjson         java_jackson     	{"0":2,"\xff\xff0":3}	2	3
lua_cjson         java_jackson     	{"q":2,"\xffq":3}	2	3
lua_cjson         java_jackson     	{"q":2,"\xc1\xb1":3}	2	3
lua_cjson         java_jackson     	{"q":2,"\xff\xffq":3}	2	3
python_msgspec    java_jackson     	{"q":2,"\xffq":3}	2	3
python_msgspec    java_jackson     	{"q":2,"\xc1\xb1":3}	2	3
python_msgspec    java_jackson     	{"q":2,"\xff\xffq":3}	2	3
ruby_std          c_frozen         	{"q":2,"\q":3}	3	2
ruby_std          go_goccy         	{"q":2,"\#q":3}	2	3
ruby_std          go_goccy         	{"q":2,"\0q":3}	2	3
ruby_std          go_goccy         	{"q":2,"\]q":3}	2	3
ruby_std          go_goccy         	{"q":2,"\cq":3}	2	3
ruby_std          go_goccy         	{"q":2,"\gq":3}	2	3
ruby_std          go_goccy         	{"q":2,"\oq":3}	2	3
ruby_std          go_goccy         	{"q":2,"\sq":3}	2	3
ruby_std          go_goccy         	{"q":2,"\vq":3}	2	3
ruby_std          java_jackson     	{"0":2,"\xff0":3}	2	3
ruby_std          java_jackson     	{"0":2,"\xc0\xb0":3}	2	3
ruby_std          java_jackson     	{"0":2,"\xff\xff0":3}	2	3
ruby_std          java_jackson     	{"q":2,"\xffq":3}	2	3
ruby_std          java_jackson     	{"q":2,"\xc1\xb1":3}	2	3
ruby_std          java_jackson     	{"q":2,"\xff\xffq":3}	2	3
ruby_std          js_json5         	{"0":2,"\0":3}	3	2
rust_json         c_json_parser    	{"😀":2,"😀":2,"\xf0":3}	2	3
rust_json         java_jackson     	{"0":2,"\xff0":3}	2	3
rust_json         java_jackson     	{"0":2,"\xc0\xb0":3}	2	3
rust_json         java_jackson     	{"0":2,"\xff\xff0":3}	2	3
rust_json         java_jackson     	{"q":2,"\xffq":3}	2	3
rust_json         java_jackson     	{"q":2,"\xc1\xb1":3}	2	3
rust_json         java_jackson     	{"q":2,"\xff\xffq":3}	2	3
rust_jsonc        c_frozen         	{"q":2\xc2\x85"q":3}	3	2
rust_jsonc        c_frozen         	{"q":2\xc2\xa0"q":3}	3	2
rust_jsonc        c_frozen         	{"q":2,"q":\xc2\x853}	3	2
rust_jsonc        c_frozen         	{"q":2,"q"\xc2\x85:3}	3	2
rust_jsonc        c_frozen         	{"q":2,"q"\xc2\xa0:3}	3	2
rust_jsonc        c_frozen         	{"q":2,\xc2\x85"q":3}	3	2
rust_jsonc        c_frozen         	{"q":2,\xc2\xa0"q":3}	3	2
rust_jsonc        c_frozen         	{"q":2\xc2\x85,"q":3}	3	2
rust_jsonc        c_frozen         	{"😀":2\xc2\x85"😀":3}	3	2
rust_jsonc        c_frozen         	{"😀":2\xc2\xa0"😀":3}	3	2
rust_jsonc        c_frozen         	{"😀":2,"😀":\xc2\x853}	3	2
rust_jsonc        c_frozen         	{"😀":2,"😀"\xc2\x85:3}	3	2
rust_jsonc        c_frozen         	{"😀":2,"😀"\xc2\xa0:3}	3	2
rust_jsonc        c_frozen         	{"😀":2,\xc2\x85"😀":3}	3	2
rust_jsonc        c_frozen         	{"😀":2,\xc2\xa0"😀":3}	3	2
rust_jsonc        c_frozen         	{"😀":2\xc2\x85,"😀":3}	3	2
rust_jsonc        c_frozen         	{"😀":2\xc2\xa0,"😀":3}	3	2
rust_jsonc        java_gson        	{"0":2,\xc2\x85"0":3}	3	2
rust_jsonc        java_gson        	{"0":2,\xc2\xa0"0":3}	3	2
rust_jsonc        java_gson        	{"q":2,\xc2\x85"q":3}	3	2
rust_jsonc        java_gson        	{"q":2,\xc2\xa0"q":3}	3	2
rust_jsonc        java_gson        	{"😀":2,\xc2\x85"😀":3}	3	2
rust_jsonc        java_gson        	{"😀":2,\xc2\xa0"😀":3}	3	2
sqlite3           c_mjson          	{"0\0":2,"0":3}	2	3
sqlite3           c_mjson          	{"\\r0":2,"0":3}	2	3
sqlite3           c_mjson          	{"q\0":2,"q":3}	2	3
sqlite3           c_mjson          	{"\\rq":2,"q":3}	2	3
sqlite3           c_mjson          	{"😀\0":2,"😀":3}	2	3
sqlite3           c_mjson          	{"\\r😀":2,"😀":3}	2	3
sqlite3           cpp_mongoose     	{"0\0":2,"0":3}	2	3
sqlite3           cpp_mongoose     	{"\\r0":2,"0":3}	2	3
sqlite3           cpp_mongoose     	{"q\0":2,"q":3}	2	3
sqlite3           cpp_mongoose     	{"\\rq":2,"q":3}	2	3
sqlite3           cpp_mongoose     	{"😀\0":2,"😀":3}	2	3
sqlite3           cpp_mongoose     	{"\\r😀":2,"😀":3}	2	3
sqlite3           go_fastjson      	{"0\0":2,"0":3}	2	3
sqlite3           go_fastjson      	{"\\r0":2,"0":3}	2	3
sqlite3           go_fastjson      	{"q\0":2,"q":3}	2	3
sqlite3           go_fastjson      	{"\\rq":2,"q":3}	2	3
sqlite3           go_fastjson      	{"😀\0":2,"😀":3}	2	3
sqlite3           go_fastjson      	{"\\r😀":2,"😀":3}	2	3
sqlite3           go_gjson         	{"0\'":2,"0":3}	3	2
sqlite3           go_gjson         	{"\\r0":2,"0":3}	2	3
sqlite3           go_gjson         	{"q\'":2,"q":3}	3	2
sqlite3           go_gjson         	{"\\rq":2,"q":3}	2	3
sqlite3           go_gjson         	{"😀\'":2,"😀":3}	3	2
sqlite3           go_gjson         	{"\\r😀":2,"😀":3}	2	3
